"Metabolite","KEGG_ID"
"(-)-maackiain","C10502"
"(-)-sophorol","C16228"
"(2-aminoethyl)phosphonate","C03557"
"(2E)-hexadecenal","C06123"
"(2S)-2-amino-3-oxo-4-phosphonooxybutanoate","C07335"
"(2S)-2-isopropyl-3-oxosuccinate","C04236"
"(2S)-2-isopropylmalate","C02504"
"(2S)-naringenin","C00509"
"(4-hydroxyphenyl)acetaldehyde","C03765"
"(6E)-8-hydroxygeraniol","C17621"
"(E)-indol-3-ylacetaldoxime","C02937"
"(R)-2-benzylsuccinate","C09816"
"(R)-lipoate","C16241"
"(R)-pantothenate","C00864"
"(S)-2-amino-6-oxohexanoate","C03531"
"(S)-2-aminobutanoate","C02356"
"(S)-lactaldehyde","C00424"
"(S)-malate","C00149"
"[5-(aminomethyl)furan-3-yl]methyl phosphate","C21068"
"1-(beta-D ribofuranosyl)nicotinamide","C03150"
"18-hydroxyoleate","C19616"
"1-aminocyclopropane-1-carboxylate","C01234"
"1-deoxy-L-glycero-tetrulose 4-phosphate","C15556"
"1-guanidino-1-deoxy-scyllo-inositol 4-phosphate","C01294"
"1-pyrroline-5-carboxylate","C03912"
"2-(4-hydroxyphenyl)-2-oxoacetate","C03590"
"2-amino-5-formylamino-6-(5-phospho-D-ribosylamino)pyrimidin-4(3H)-one","C15563"
"2-C-methyl-D-erythritol 4-phosphate","C11434"
"2-dehydropantolactone","C01125"
"2'-deoxyadenosine","C00131"
"2'-deoxycytidine","C00239"
"2-deoxy-D-glucose 6-phosphate","C06369"
"2'-deoxyguanosine","C00286"
"2'-deoxyinosine","C01344"
"2'-deoxyuridine","C00365"
"2-deoxy-alpha-D-ribose 1-phosphate","C00672"
"2-hydroxybutanoate","C00659"
"2'-hydroxygenistein","C12134"
"2-hydroxyglutarate","C01087"
"2'-hydroxypseudobaptigenin","C03662"
"2-iminoacetate","C15809"
"2-iminobutanoate","C20905"
"2-iminopropanoate","C20904"
"2-methylbutanal","C02223"
"2-methylbutanoate","C03571"
"2-oxo-4-methylthiobutanoate","C01180"
"2-oxoglutaramate","C00940"
"2-oxoglutarate","C00026"
"2-oxovalerate","C03589"
"2-phosphoglycolate","C00988"
"2-succinylbenzoate","C02730"
"3-(4-hydroxyphenyl)lactate","C03672"
"3-(methylthio)propanoate","C08276"
"3-dehydrocarnitine","C02636"
"3-dehydroquinate","C00944"
"3-dehydrosphinganine","C02934"
"3-dehydroteasterone","C15792"
"3-ethylmalate","C01989"
"3-hydroxy-5-oxohexanoate","C16272"
"3-hydroxy-L-kynurenine","C03227"
"3-methoxytyramine","C05587"
"3-methyl-2-oxobutanoate","C00141"
"3-Methylhistidine","C01152"
"3-phospho-D-glycerate","C00197"
"3-phospho-L-serine","C01005"
"3-sulfinoalanine","C00606"
"3-sulfolactaldehyde","C21181"
"4-amino-2-methyl-5-pyrimidinemethanol","C01279"
"4-amino-5-imidazole carboxylate","C05516"
"4-aminoimidazole","C05239"
"4-aminophenol","C02372"
"4-coumarate","C00811"
"4-coumaroylshikimate","C02947"
"4-coumaryl alcohol","C02646"
"4-guanidinobutanoate","C01035"
"4-hydroxy-2-oxohexanoate","C06762"
"4-hydroxybenzaldehyde","C00633"
"4-hydroxybenzoate","C00156"
"4-hydroxymandelate","C03198"
"4-imidazolone","C03680"
"4-imidazolone-5-propanoate","C03680"
"4-methyl-2-oxopentanoate","C00233"
"4-methyl-5-nitrocatechol","C18315"
"4-methylphenol","C01468"
"4'-phosphopantetheine","C01134"
"4-pyridoxate","C00847"
"4-ureido-5-imidazole carboxylate","C05515"
"5-amino-5-deoxy-3-dehydroshikimate","C12108"
"5-aminopentanoate","C00431"
"5'-deoxy-5'-fluoroadenosine","C19766"
"5-hydroxyferulate","C05619"
"5-hydroxy-L-lysine","C01211"
"5-hydroxy-L-tryptophan","C00643"
"5-Methylcytosine","C02376"
"5-oxo-L-proline","C01879"
"6-deoxotyphasterol","C15801"
"6-pyruvoyl tetrahydropterin","C03684"
"7-carboxy-7-deazaguanine","C20248"
"7-Methylguanine","C02242"
"7-Methylguanosine","C02339"
"8-amino-7-oxononanoate","C01092"
"a 12-hydroxyjasmonate sulfate","C21671"
"a 4'-methoxyisoflavone","C03074"
"a 6-hydroxy-3-isopropenylheptanoate","C11417"
"a farnesoate","C16502"
"a jasmonoyl-L-isoleucine","C18699"
"a methyl jasmonate","C11512"
"a methylhexadecanoic acid","C01607"
"a muricholate","C17647"
"a neopterin","C04874"
"a retinoate","C00777"
"a serine phosphoethanolamine","C03872"
"a thiopurine","C16614"
"a thiopurine S-methylether","C16614"
"acetoin","C00466"
"acetone cyanohydrin","C02659"
"acrylamide","C01659"
"adenine","C00003"
"adenosine","C00002"
"ADP","C00005"
"agmatine","C00179"
"allantoate","C00499"
"aminoacetone","C01888"
"aminopropylcadaverine","C16565"
"AMP","C00020"
"an imidazolidine","C02565"
"anthranilate","C00108"
"Benzoic acid","C00108"
"benzyladenine","C11263"
"bergaptol","C00758"
"biotin","C00120"
"bisulfite","C11481"
"caffeate","C01197"
"calycosin","C01562"
"CDP-ethanolamine","C00570"
"chitobiose","C01674"
"cis-zeatin","C15545"
"cis-zeatin riboside","C16441"
"citrate","C00158"
"Citrinin","C16765"
"CMP","C00055"
"coniferaldehyde","C02666"
"coniferyl alcohol","C00590"
"coumarin","C00758"
"creatine","C00300"
"creatinine","C00791"
"cyclohexane-1-carboxylate","C03767"
"cystine","C00491"
"cytidine","C00055"
"cytosine","C00380"
"dADP","C00206"
"D-alanyl-D-alanine","C00993"
"D-alanyl-D-lactate","C19694"
"D-carnitine","C15025"
"decanoate","C00249"
"D-erythrose","C00279"
"desmethylxanthohumol","C16416"
"dethiobiotin","C01909"
"D-galactosamine 6-phosphate","C06376"
"D-gluconate","C00204"
"D-gluconate 6-phosphate","C01218"
"D-glucosaminate","C01133"
"D-glucosamine","C00043"
"D-glyceraldehyde 3-phosphate","C00118"
"D-glycerate","C00197"
"D-glycero-D-manno-heptose 7-phosphate","C19882"
"dGTP","C00286"
"diacetyl","C00741"
"dihydrolipoamide","C00579"
"dihydrolipoate","C02147"
"dihydroxyacetone","C00111"
"dimethylsulfoniopropanoate","C23001"
"dIMP","C06196"
"D-mannitol","C00392"
"dopamine","C03758"
"dopamine 3-O-sulfate","C13690"
"D-ribulose 5-phosphate","C00199"
"D-sedoheptulose","C00447"
"D-sorbitol 6-phosphate","C01096"
"dTDP","C00363"
"dUMP","C00365"
"dZMP","C22441"
"enol-phenylpyruvate","C02763"
"FADH2","C01352"
"ferulate","C01494"
"FMN","C00061"
"formononetin","C00858"
"fumarate","C00122"
"galactarate","C00879"
"galactinol","C01235"
"galactitol 1-phosphate","C06311"
"galacturonate","C00333"
"gallate","C01424"
"GDP","C00035"
"genistein","C06563"
"gibberellin A3","C01699"
"glutathione","C00051"
"glutathione disulfide","C00127"
"glycine","C00037"
"glycine betaine","C00719"
"glycochenodeoxycholate","C05466"
"glycolate","C00160"
"GMP","C00144"
"guanine","C00242"
"guanosine","C00035"
"harmalol","C06537"
"heptanal","C14390"
"heptanoate","C11404"
"herniarin","C09268"
"Hexanoic acid","C00047"
"histamine","C00388"
"histidinal","C01929"
"histidinol","C00860"
"hypoglycin A","C08280"
"hypotaurine","C00519"
"hypoxanthine","C00262"
"ibuprofen","C01588"
"imidazole acetaldehyde","C05130"
"indole","C00331"
"indole acetaldehyde","C00637"
"indole-3-acetate","C00954"
"indole-3-ethanol","C00955"
"inosine","C00081"
"iridotrial","C06070"
"isoliquiritigenin","C08650"
"Isorhamnetin","C10084"
"itaconate","C00490"
"juvenile hormone III acid","C16504"
"kanosamine","C12211"
"kinetin","C08272"
"kynurenate","C01111"
"L-2-aminoadipate","C00956"
"L-4-hydroxyglutamate semialdehyde","C05938"
"L-arabinonate","C00545"
"L-arabitol","C00532"
"L-arginine","C00062"
"L-asparagine","C00152"
"L-aspartate","C00049"
"L-canaline","C08270"
"L-citrulline","C00327"
"L-cystathionine","C02291"
"L-cysteine","C00097"
"L-cysteinyl-glycine","C00051"
"L-dopa","C00355"
"L-dopachrome","C01693"
"L-glutamine","C00064"
"L-histidine","C00135"
"L-homoserine","C00263"
"linamarin","C01594"
"linoleate","C01595"
"lipoamide","C00248"
"L-kynurenine","C00328"
"L-leucine","C00123"
"L-lysine","C00047"
"L-methionine","C00019"
"L-methionine-(R)-S-oxide","C21378"
"L-octanoylcarnitine","C02838"
"L-ornithine","C00077"
"L-palmitoylcarnitine","C02990"
"L-phenylalanine","C00079"
"L-pipecolate","C00408"
"L-proline","C00148"
"L-quinate","C00296"
"L-saccharopine","C00449"
"L-serine","C00065"
"L-tryptophan","C00078"
"L-tyrosine","C00082"
"L-valine","C00183"
"L-gamma-glutamylcysteine","C00669"
"maleamate","C01596"
"maltotriose","C01835"
"mandelonitrile","C00561"
"melanin","C05606"
"melatonin","C01598"
"menadiol","C07126"
"methylmalonate semialdehyde","C00349"
"monodehydroascorbate radical","C01041"
"mycaminose","C11933"
"myristate","C05151"
"N2-formyl-N1-(5-phospho-beta-D-ribosyl)glycinamide","C04376"
"N4-(beta-N-acetyl-D-glucosaminyl)-L-asparagine","C04540"
"N6-acetyl-L-lysine","C01997"
"N6-dimethylallyladenine","C04083"
"N-acetyl-L-citrulline","C15532"
"N-acetyl-L-glutamate","C00624"
"N-acetyl-L-glutamate 5-semialdehyde","C01250"
"N-acetylneuraminate","C00128"
"N-acetylputrescine","C02714"
"N-acetyl-alpha-D-glucosamine","C00043"
"NADH","C00004"
"naringenin","C00509"
"N-benzylformamide","C15561"
"N-carbamoyl-L-aspartate","C00438"
"N-carbamoylputrescine","C00436"
"Nervonic acid","C08323"
"N-formimino-L-glutamate","C00439"
"N-formylkynurenine","C02700"
"N-hydroxy-L-isoleucine","C20310"
"N-hydroxyl-tryptamine","C17203"
"N-hydroxy-L-valine","C20313"
"nicotinamide","C00003"
"nicotinate","C00253"
"Nivalenol","C06080"
"N-methylethanolamine phosphate","C01210"
"N-methylhydantoin","C02565"
"Nonanoic acid","C01037"
"N-phenylacetamide","C07565"
"O-acetylcarnitine","C02571"
"O-acetyl-L-serine","C00979"
"octanal","C01545"
"octanoate","C04780"
"oleamide","C19670"
"O-phosphoethanolamine","C00346"
"O-phospho-L-homoserine","C01102"
"ophthalmate","C21016"
"orotate","C00295"
"O-succinyl-L-homoserine","C01118"
"oxalosuccinate","C05379"
"palmitate","C00249"
"pantetheine","C00831"
"phenol","C00102"
"phenylacetaldehyde","C00601"
"phenylacetate","C00544"
"phenylglyoxylate","C02137"
"phlorisobutyrophenone","C07351"
"phloroglucinol","C02183"
"phosphate","C00002"
"phytosphingosine","C12144"
"Piceatannol","C05901"
"picolinate","C03340"
"pinoresinol","C05366"
"porphobilinogen","C00931"
"portulacaxanthin II","C08565"
"preQ0","C15996"
"preQ1","C16675"
"propanoyl phosphate","C01308"
"Prunin","C09099"
"pseudouridine","C01168"
"pyridoxal","C00018"
"pyridoxamine","C00534"
"pyridoxamine 5'-phosphate","C00647"
"pyridoxine","C00314"
"pyrimidine","C00396"
"pyruvate","C00022"
"quercetin","C00389"
"queuine","C01449"
"riboflavin","C00061"
"rosmarinate","C01850"
"S-acetyldihydrolipoamide","C01136"
"S-allyl-L-cysteine","C16759"
"scoparone","C09311"
"scopoletin","C01752"
"secologanin","C01852"
"shikimate 3-phosphate","C03175"
"sinapyl alcohol","C02325"
"S-methyl-5'-thioadenosine","C00170"
"sn-glycero-3-phosphocholine","C00157"
"sn-glycerol 1-phosphate","C00093"
"spermidine","C00315"
"sphingosine 1-phosphate","C01120"
"S-sulfo-L-cysteine","C05824"
"stearate","C00869"
"succinate","C00042"
"sulfamate","C01614"
"sulfate","C00053"
"sulfoacetaldehyde","C00593"
"tartronate semialdehyde","C01146"
"taurine","C00245"
"taurocholate","C05122"
"taxifolin","C01617"
"tetrahydrofolate","C00101"
"thiosulfate","C00320"
"thymidine","C00214"
"thymine","C00178"
"trans-homoaconitate","C16579"
"tryptamine","C00398"
"tuberonic acid glucoside","C08558"
"UDP-N-acetyl-alpha-D-glucosamine","C00043"
"UDP-alpha-D-glucuronate","C00167"
"umbelliferone","C03081"
"UMP","C00105"
"uracil","C00106"
"urate","C00366"
"urocanate","C00785"
"vernolate","C19097"
"xanthine","C00262"
"xanthosine","C00655"
"XMP","C00655"
"Zearalenone","C09981"
"alpha-D-galactose","C00052"
"alpha-D-quinovopyranose","C08352"
"alpha-linolenate","C06427"
"alpha-maltose","C00897"
"beta-alanine","C00099"
"beta-alanine betaine","C08263"
"beta-D-ribosylnicotinate","C05841"
"beta-nicotinamide D-ribonucleotide","C00455"
"gamma-butyrobetaine","C01181"
"gamma-L-glutamyl-D-alanine","C03738"
"gamma-L-glutamyl-L-cysteine","C00669"
"beta-D-ribofuranose","C16639"
"beta-D-glucopyranose","C00221"
"alpha-D-ribose-1-phosphate","C16637"
"N-acetyl-beta-D-glucosamine","C00611"
"methionine S-oxide","C02989"
"maackiain","C10502"
"IMP","C00130"
"allantoin","C01551"
"a hexosamine","C02711"
"a biopterin","C00272"
"a 7-isopropyl-4-methyloxepan-2-one","C18027"
"5-aminolevulinate","C00430"
"4-hydroxy-4-methyl-2-oxoglutarate","C06033"
"3-phosphooxypyruvate","C03232"
"3-hydroxy-3-methyl-2-oxopentanoate","C04237"
"2-hydroxy-2-methylbutanenitrile","C18796"
"(8S)-8-amino-7-oxononanoate","C22463"
"(5R)-6-hydroxy-5-isopropenyl-2-methylhexanoate","C11406"
"pipecolate","C00408"
"N-acetyl-L-methionine","C02712"
"a heptitol","C08255"
"2-oxo-3-phenylpropanoate","C00166"
"(2R)-2-hydroxy-2-methylbutanenitrile","C18796"
"(R)-3-(4-hydroxyphenyl)lactate","C03964"
"(R)-4'-phosphopantothenate","C03492"
"(R)-mevalonate","C00418"
"(R)-pantolactone","C01012"
"(R)-S-lactoylglutathione","C03451"
"(S)-1-pyrroline-5-carboxylate","C03912"
"(S)-2-hydroxyglutarate","C03196"
"(S)-3-methyl-2-oxopentanoate","C00671"
"(S)-dihydroorotate","C00337"
"(S)-nicotine","C00745"
"(S)-piperidine-2-carboxamide","C19809"
"(Z)-phenylacetaldehyde oxime","C16075"
"17beta-estradiol","C03935"
"1-amino-1-deoxy-scyllo-inositol","C01214"
"1-deoxy-D-xylulose 5-phosphate","C11437"
"2-amino-4-oxopentanoate","C03341"
"2-aminomuconate 6-semialdehyde","C03824"
"2-dehydro-3-deoxy-L-arabinonate","C00684"
"2-iminosuccinate","C05840"
"2-isopropylmaleate","C02631"
"2-methyleneglutarate","C02930"
"2-oxo-3-hydroxy-4-phosphobutanoate","C06054"
"2-oxoadipate","C00322"
"2-oxopent-4-enoate","C00596"
"2-thiouridine","C11478"
"3-carene","C09839"
"3-hydroxyanthranilate","C00632"
"3-hydroxybutanoate","C01089"
"3-oxoadipate","C00846"
"4-acetamidobutanal","C05936"
"4-aminobutanoate","C00334"
"4-hydroxy-2-oxoglutarate","C01127"
"4-hydroxy-2-oxopentanoate","C03589"
"4-hydroxy-L-glutamate","C03079"
"4-hydroxyphenylpyruvate","C01179"
"5-aminopentanamide","C00990"
"5-dehydro-4-deoxy-D-glucarate","C00679"
"6-hydroxynicotinate","C01020"
"6-phospho-2-dehydro-D-gluconate","C01218"
"7-deoxyloganetate","C20789"
"8-oxo-dGTP","C19967"
"a 3-isopropenyl-6-oxoheptanoate","C11405"
"a 6-hydroxy-5-isopropenyl-2-methylhexanoate","C11406"
"a carvone","C01767"
"a jasmonate","C08491"
"a menthone","C00843"
"a methyl farnesoate","C16503"
"all-trans-3-hydroxyretinal","C18196"
"arachidonate","C00219"
"ATP","C00002"
"bacillosamine","C04630"
"citraconate","C02226"
"coumarinate","C05838"
"CTP","C00063"
"D-aspartate","C00402"
"dCMP","C00239"
"deoxynivalenol","C09747"
"D-galactosamine","C00203"
"dGDP","C00361"
"D-glutamate","C00217"
"dGMP","C00362"
"dihydrophloroglucinol","C06719"
"dihydrozeatin","C02029"
"DIMBOA","C04720"
"diphosphate","C00008"
"D-lysine","C00739"
"D-mannitol 1-phosphate","C00644"
"D-mannonate","C00514"
"dopaquinone","C00822"
"dopaxanthin","C08543"
"D-pinitol","C03844"
"D-ribulose","C00199"
"ent-kaur-16-en-19-oate","C11874"
"glutarate","C00026"
"glutarate semialdehyde","C00433"
"glycerol 1-phosphate","C00093"
"harmaline","C06536"
"isochorismate","C00885"
"isopentenyl phosphate","C00129"
"L-2-amino-3-oxobutanoate","C03508"
"L-carnitine","C00318"
"leukotriene B4","C02165"
"L-fuculose","C01099"
"L-isoleucine","C00407"
"lotaustralin","C08334"
"L-rhamnulose 1-phosphate","C01131"
"L-threonine","C00188"
"malonate","C00222"
"maltohexaose","C01936"
"maltotetraose","C02052"
"Methylimidazoleacetic acid","C05828"
"N2-succinyl-L-ornithine","C03415"
"N-Acetyl-L-methionine","C02712"
"nornicotine","C06524"
"O-acetyl-L-homoserine","C01077"
"oleate","C00712"
"Palmitoleic acid","C08362"
"phlorisovalerophenone","C07350"
"protocatechuate","C00230"
"purine","C00147"
"pyrogallol","C01108"
"sepiapterin","C00835"
"shikimate","C00493"
"sinapaldehyde","C05610"
"S-methyl-5-thio-D-ribose","C03089"
"streptidine 6-phosphate","C01121"
"succinate semialdehyde","C00232"
"trans-4-hydroxy-L-proline","C01157"
"trans-5-O-(4-coumaroyl)-D-quinate","C12208"
"trans-cinnamate","C00423"
"tuberonic acid","C08558"
"UDP","C00015"
"UDP-D-glucose","C00029"
"UDP-N-acetyl-alpha-D-galactosamine","C00203"
"uridine","C00015"
"UTP","C00075"
"xanthohumol","C16416"
"xylitol","C00379"
"alpha-D-mannose 1-phosphate","C00636"
"beta-D-mannose","C02209"
"4-Aminobenzoate","C00568"
"5-Oxoproline","C01879"
"Arginine","C00062"
"Aspartic acid","C00049"
"Proline","C00148"
"Sucrose","C00089"
"D-Gluconic acid","C00204"
"L-2-Aminoadipate","C00956"
"Linoleic acid","C01595"
"Lysine","C00047"
"Methionine","C00019"
"Myristic acid","C06424"
"Octadecanoic acid","C00869"
"Oleic acid","C00712"
"Palmitic Acid","C00249"
"Phenylalanine","C00079"
"Tyrosine","C00082"
