"","name","CleanNames","ShortAnnotation","Description"
"1","'CAR 32:2/Cer 39:3;O3'","CAR 32:2 | Cer 39:3;O3","Acyl carnitines | Ceramides","MainClass=[Acyl carnitines | Ceramides],ExtendedClass=[Acyl carnitines | Sterols],FunctionalClass=[Acyl carnitines | PhytoCer],Mass=[619.553960075 | 619.553959],Formula=[C39H73NO4]"
"2","'CAR 34:4/Cer 41:5;O3'","CAR 34:4 | Cer 41:5;O3","Acyl carnitines | Ceramides","MainClass=[Acyl carnitines | Ceramides],ExtendedClass=[Acyl carnitines | Sterols],FunctionalClass=[Acyl carnitines | PhytoCer],Mass=[643.553960075 | 643.553959],Formula=[C41H73NO4]"
"3","'Cer 37:0;O6'","Cer 37:0;O6","Ceramides","MainClass=[Ceramides],ExtendedClass=[Ceramides],FunctionalClass=[Ceramides],Mass=[645.554354035],Formula=[C37H75NO7]"
"4","'Cer 42:5;O2'","Cer 42:5;O2","Ceramides","MainClass=[Ceramides],ExtendedClass=[Sterols],FunctionalClass=[Ceramides],Mass=[641.574694],Formula=[C42H75NO3]"
"5","'FA 20:1'","FA 20:1","Fatty acids","MainClass=[Fatty acids],ExtendedClass=[Fatty acids],FunctionalClass=[Fatty acids],Mass=[310.28718059],Formula=[C20H38O2]"
"6","'HexCer 33:1;O3'","HexCer 33:1;O3","Glycosphingolipids","MainClass=[Glycosphingolipids],ExtendedClass=[Sterols],FunctionalClass=[Hexosylceramides],Mass=[701.544184],Formula=[C39H75NO9]"
"7","'NAE 17:0/SPB 19:1;O2'","NAE 17:0 | SPB 19:1;O2","N-acyl ethanolamines | Sphingoid bases","MainClass=[N-acyl ethanolamines | Sphingoid bases],ExtendedClass=[N-acyl ethanolamines | Sphingoid bases],FunctionalClass=[N-acyl ethanolamines | Sphingoid bases],Mass=[313.298079625],Formula=[C19H39NO2]"
"8","'NAT 15:0;O4'","NAT 15:0;O4","N-acyl taurines","MainClass=[N-acyl taurines],ExtendedClass=[N-acyl taurines],FunctionalClass=[N-acyl taurines],Mass=[413.208337965],Formula=[C17H35NO8S]"
"9","'PC 37:10;O/PE 40:10;O/PS O-39:10'","PC 37:10;O | PE 40:10;O | PS O-39:10","Phosphatidylcholines | Glycerophosphoethanolamines | Phosphatidylserines","MainClass=[Phosphatidylcholines | Glycerophosphoethanolamines | Phosphatidylserines],ExtendedClass=[Phosphatidylcholines | Sterols | Phosphatidylserines],FunctionalClass=[Phosphatidylcholines | Ox-PE | Phosphatidylserines],Mass=[799.47882012 | 799.478822],Formula=[C45H70NO9P]"
"10","'SPB 15:2;O'","SPB 15:2;O","Sphingoid bases","MainClass=[Sphingoid bases],ExtendedClass=[Sphingoid bases],FunctionalClass=[Sphingoid bases],Mass=[239.224914645],Formula=[C15H29NO]"
"11","'SPB 18:1;O'","SPB 18:1;O","Sphingoid bases","MainClass=[Sphingoid bases],ExtendedClass=[Sphingoid bases],FunctionalClass=[Sphingoid bases],Mass=[283.287514925],Formula=[C18H37NO]"
"12","'SPB 19:1;O'","SPB 19:1;O","Sphingoid bases","MainClass=[Sphingoid bases],ExtendedClass=[Sphingoid bases],FunctionalClass=[Sphingoid bases],Mass=[297.303164995],Formula=[C19H39NO]"
"13","'ST 18:0;O7;S'","ST 18:0;O7;S","Sterol/Bile acid conjugates(In-silico)","MainClass=[Sterol/Bile acid conjugates(In-silico)],ExtendedClass=[Sterols],FunctionalClass=[Sulfate conjugates(In-silico)],Mass=[438.155972],Formula=[C18H30O10S]"
"14","'ST 30:0;O2;GlCA/ST 30:1;O3;Hex/TG 33:3;O2/TG O-33:4;O3'","NA | TG 33:3;O2 | TG O-33:4;O3","NA | Triacyl alkylglycerides","MainClass=[NA | Triacyl alkylglycerides],ExtendedClass=[NA | Triacyl alkylglycerides],FunctionalClass=[NA | Triacyl alkylglycerides],Mass=[NA | 622.44446921],Formula=[NA | C36H62O8]"
"15","'TG 35:3;O2/TG O-35:4;O3'","TG 35:3;O2 | TG O-35:4;O3","Triacyl alkylglycerides","MainClass=[Triacyl alkylglycerides],ExtendedClass=[Triacyl alkylglycerides],FunctionalClass=[Triacyl alkylglycerides],Mass=[650.47576935],Formula=[C38H66O8]"
"16","'BMP 30:0/LPG 30:1;O/PG 30:0/PG O-30:1;O'","BMP 30:0 | LPG 30:1;O | PG 30:0 | PG O-30:1;O","Bismonoacylglycerophosphates | lysophosphatidylglycerol | Glycerophosphoglycerols | Phosphatidylglycerols","MainClass=[Bismonoacylglycerophosphates | lysophosphatidylglycerol | Glycerophosphoglycerols | Phosphatidylglycerols],ExtendedClass=[Bismonoacylglycerophosphates | lysophosphatidylglycerol | Sterols | Phosphatidylglycerols],FunctionalClass=[Bismonoacylglycerophosphates | lysophosphatidylglycerol | Phosphatidylglycerols],Mass=[694.478485785 | 694.478488],Formula=[C36H71O10P]"
"17","'CAR 28:1;O4/HexCer 29:1;O2'","CAR 28:1;O4 | HexCer 29:1;O2","Acyl carnitines | Glycosphingolipids","MainClass=[Acyl carnitines | Glycosphingolipids],ExtendedClass=[Acyl carnitines | Sterols],FunctionalClass=[Acyl carnitines | Hexosylceramides],Mass=[629.486668385 | 629.486669],Formula=[C35H67NO8]"
"18","'Cer 40:4;O'","Cer 40:4;O","Ceramides","MainClass=[Ceramides],ExtendedClass=[Ceramides],FunctionalClass=[Ceramides],Mass=[599.564130815],Formula=[C40H73NO2]"
"19","'Cer 40:6;O2'","Cer 40:6;O2","Ceramides","MainClass=[Ceramides],ExtendedClass=[Sterols],FunctionalClass=[Ceramides],Mass=[611.527744],Formula=[C40H69NO3]"
"20","'COA 15:0'","NA","NA","MainClass=[NA],ExtendedClass=[NA],FunctionalClass=[NA],Mass=[NA],Formula=[NA]"
"21","'DG 21:3;O/DG O-21:4;O2/FA 24:4;O4/ST 18:0;O;Hex/ST 24:1;O6'","DG 21:3;O | DG O-21:4;O2 | FA 24:4;O4 | ST 18:0;O;Hex | ST 24:1;O6","Diacyl alkylglycerides | Fatty acids | Sterol/Bile acid conjugates(In-silico) | Sterols/Bile acids(In-silico)","MainClass=[Diacyl alkylglycerides | Fatty acids | Sterol/Bile acid conjugates(In-silico) | Sterols/Bile acids(In-silico)],ExtendedClass=[Diacyl alkylglycerides | Fatty acids | Sterols],FunctionalClass=[Diacyl alkylglycerides | Fatty acids | Hexose conjugates(In-silico) | Sterols/C24 Bile acids(In-silico)],Mass=[424.28248918 | 424.282490],Formula=[C24H40O6]"
"22","'DG 22:3;O/DG O-22:4;O2/FA 25:4;O4/ST 19:0;O;Hex/ST 25:1;O6'","DG 22:3;O | DG O-22:4;O2 | FA 25:4;O4 | ST 19:0;O;Hex | ST 25:1;O6","Diacyl alkylglycerides | Fatty acids | Sterol/Bile acid conjugates(In-silico) | Sterols/Bile acids(In-silico)","MainClass=[Diacyl alkylglycerides | Fatty acids | Sterol/Bile acid conjugates(In-silico) | Sterols/Bile acids(In-silico)],ExtendedClass=[Diacyl alkylglycerides | Fatty acids | Sterols],FunctionalClass=[Diacyl alkylglycerides | Fatty acids | Hexose conjugates(In-silico) | Sterols/C25 Bile acids(In-silico)],Mass=[438.29813925 | 438.298140],Formula=[C25H42O6]"
"23","'DG 22:3;O2/ST 19:0;O2;Hex/ST 25:1;O7'","DG 22:3;O2 | ST 19:0;O2;Hex | ST 25:1;O7","Diacyl alkylglycerides | Sterol/Bile acid conjugates(In-silico) | Sterols/Bile acids(In-silico)","MainClass=[Diacyl alkylglycerides | Sterol/Bile acid conjugates(In-silico) | Sterols/Bile acids(In-silico)],ExtendedClass=[Diacyl alkylglycerides | Sterols],FunctionalClass=[Diacyl alkylglycerides | Hexose conjugates(In-silico) | Sterols/C25 Bile acids(In-silico)],Mass=[454.29305388 | 454.293055],Formula=[C25H42O7]"
"24","'DG 23:3;O/DG O-23:4;O2/FA 26:4;O4/ST 20:0;O;Hex/ST 26:1;O6'","DG 23:3;O | DG O-23:4;O2 | FA 26:4;O4 | ST 20:0;O;Hex | ST 26:1;O6","Diacyl alkylglycerides | Fatty acids | Sterol/Bile acid conjugates(In-silico) | Sterols/Bile acids(In-silico)","MainClass=[Diacyl alkylglycerides | Fatty acids | Sterol/Bile acid conjugates(In-silico) | Sterols/Bile acids(In-silico)],ExtendedClass=[Diacyl alkylglycerides | Fatty acids | Sterols],FunctionalClass=[Diacyl alkylglycerides | Fatty acids | Hexose conjugates(In-silico) | Sterols/C26 Bile acids(In-silico)],Mass=[452.31378932 | 452.313790],Formula=[C26H44O6]"
"25","'DG 23:3;O2/ST 20:0;O2;Hex/ST 26:1;O7'","DG 23:3;O2 | ST 20:0;O2;Hex | ST 26:1;O7","Diacyl alkylglycerides | Sterol/Bile acid conjugates(In-silico) | Sterols/Bile acids(In-silico)","MainClass=[Diacyl alkylglycerides | Sterol/Bile acid conjugates(In-silico) | Sterols/Bile acids(In-silico)],ExtendedClass=[Diacyl alkylglycerides | Sterols],FunctionalClass=[Diacyl alkylglycerides | Hexose conjugates(In-silico) | Sterols/C26 Bile acids(In-silico)],Mass=[468.30870395 | 468.308705],Formula=[C26H44O7]"
"26","'DG 24:3;O/DG O-24:4;O2/FA 27:4;O4/ST 21:0;O;Hex/ST 27:1;O6'","DG 24:3;O | DG O-24:4;O2 | FA 27:4;O4 | ST 21:0;O;Hex | ST 27:1;O6","Diacyl alkylglycerides | Fatty acids | Sterol/Bile acid conjugates(In-silico) | Sterols/Bile acids(In-silico)","MainClass=[Diacyl alkylglycerides | Fatty acids | Sterol/Bile acid conjugates(In-silico) | Sterols/Bile acids(In-silico)],ExtendedClass=[Diacyl alkylglycerides | Fatty acids | Sterols],FunctionalClass=[Diacyl alkylglycerides | Fatty acids | Hexose conjugates(In-silico) | Sterols/C27 Bile acids(In-silico)],Mass=[466.32943939 | 466.329440],Formula=[C27H46O6]"
"27","'DG 24:3;O2/ST 21:0;O2;Hex/ST 27:1;O7'","DG 24:3;O2 | ST 21:0;O2;Hex | ST 27:1;O7","Diacyl alkylglycerides | Sterol/Bile acid conjugates(In-silico) | Sterols/Bile acids(In-silico)","MainClass=[Diacyl alkylglycerides | Sterol/Bile acid conjugates(In-silico) | Sterols/Bile acids(In-silico)],ExtendedClass=[Diacyl alkylglycerides | Sterols],FunctionalClass=[Diacyl alkylglycerides | Hexose conjugates(In-silico) | Sterols/C27 Bile acids(In-silico)],Mass=[482.32435402 | 482.324355],Formula=[C27H46O7]"
"28","'DG 25:3;O2/ST 22:0;O2;Hex/ST 28:1;O7'","DG 25:3;O2 | ST 22:0;O2;Hex | ST 28:1;O7","Diacyl alkylglycerides | Sterol/Bile acid conjugates(In-silico) | Sterols/Bile acids(In-silico)","MainClass=[Diacyl alkylglycerides | Sterol/Bile acid conjugates(In-silico) | Sterols/Bile acids(In-silico)],ExtendedClass=[Diacyl alkylglycerides | Sterols],FunctionalClass=[Diacyl alkylglycerides | Hexose conjugates(In-silico) | Sterols/C28 Bile acids(In-silico)],Mass=[496.34000409 | 496.340005],Formula=[C28H48O7]"
"29","'DG 26:3;O2/ST 23:0;O2;Hex/ST 29:1;O7'","DG 26:3;O2 | ST 23:0;O2;Hex | ST 29:1;O7","Diacyl alkylglycerides | Sterol/Bile acid conjugates(In-silico) | Sterols/Bile acids(In-silico)","MainClass=[Diacyl alkylglycerides | Sterol/Bile acid conjugates(In-silico) | Sterols/Bile acids(In-silico)],ExtendedClass=[Diacyl alkylglycerides | Sterols],FunctionalClass=[Diacyl alkylglycerides | Hexose conjugates(In-silico) | Sterols/C29 Bile acids(In-silico)],Mass=[510.35565416 | 510.355655],Formula=[C29H50O7]"
"30","'DG O-26:0/FA 29:0;O2/MG 26:0/MG O-26:1;O'","DG O-26:0 | FA 29:0;O2 | MG 26:0 | MG O-26:1;O","Diradylglycerols | Fatty acids | Monoradylglycerols | Monoacyl alkylglycerides","MainClass=[Diradylglycerols | Fatty acids | Monoradylglycerols | Monoacyl alkylglycerides],ExtendedClass=[Sterols | Fatty acids | Monoacyl alkylglycerides],FunctionalClass=[O-DG | Fatty acids | MAG | Monoacyl alkylglycerides],Mass=[470.433510 | 470.43351055],Formula=[C29H58O4]"
"31","'FA 22:4;O4/ST 22:1;O6'","FA 22:4;O4 | ST 22:1;O6","Fatty acids | Sterols/Bile acids(In-silico)","MainClass=[Fatty acids | Sterols/Bile acids(In-silico)],ExtendedClass=[Fatty acids | Sterols],FunctionalClass=[Fatty acids | Sterols/C22 Bile acids(In-silico)],Mass=[396.25118904 | 396.251190],Formula=[C22H36O6]"
"32","'LPA O-33:3'","LPA O-33:3","Lipoprotein A","MainClass=[Lipoprotein A],ExtendedClass=[Lipoprotein A],FunctionalClass=[Lipoprotein A],Mass=[628.483177195],Formula=[C36H69O6P]"
"33","'MG O-16:0;O'","MG O-16:0;O","Monoacyl alkylglycerides","MainClass=[Monoacyl alkylglycerides],ExtendedClass=[Monoacyl alkylglycerides],FunctionalClass=[Monoacyl alkylglycerides],Mass=[332.29265992],Formula=[C19H40O4]"
"34","'MG O-18:0;O'","MG O-18:0;O","Monoacyl alkylglycerides","MainClass=[Monoacyl alkylglycerides],ExtendedClass=[Monoacyl alkylglycerides],FunctionalClass=[Monoacyl alkylglycerides],Mass=[360.32396006],Formula=[C21H44O4]"
"35","'MG O-20:0;O'","MG O-20:0;O","Monoacyl alkylglycerides","MainClass=[Monoacyl alkylglycerides],ExtendedClass=[Monoacyl alkylglycerides],FunctionalClass=[Monoacyl alkylglycerides],Mass=[388.3552602],Formula=[C23H48O4]"
"36","'MG O-30:0;O'","MG O-30:0;O","Monoacyl alkylglycerides","MainClass=[Monoacyl alkylglycerides],ExtendedClass=[Monoacyl alkylglycerides],FunctionalClass=[Monoacyl alkylglycerides],Mass=[528.5117609],Formula=[C33H68O4]"
"37","'NAT 32:2;O'","NAT 32:2;O","N-acyl taurines","MainClass=[N-acyl taurines],ExtendedClass=[N-acyl taurines],FunctionalClass=[N-acyl taurines],Mass=[599.458345125],Formula=[C34H65NO5S]"
"38","'PC 33:7/PC O-33:8;O/PE 36:7/PE O-36:8;O'","PC 33:7 | PC O-33:8;O | PE 36:7 | PE O-36:8;O","Glycerophosphocholines | Phosphatidylcholines | Glycerophosphoethanolamines | Phosphatidylethanolamines","MainClass=[Glycerophosphocholines | Phosphatidylcholines | Glycerophosphoethanolamines | Phosphatidylethanolamines],ExtendedClass=[Sterols | PC O-phospholipids | PE O],FunctionalClass=[Phosphatidylcholines | Phosphatidylethanolamines],Mass=[733.468257 | 733.46825542],Formula=[C41H68NO8P]"
"39","'PC 34:7/PC O-34:8;O/PE 37:7/PE O-37:8;O'","PC 34:7 | PC O-34:8;O | PE 37:7 | PE O-37:8;O","Glycerophosphocholines | Phosphatidylcholines | Glycerophosphoethanolamines | Phosphatidylethanolamines","MainClass=[Glycerophosphocholines | Phosphatidylcholines | Glycerophosphoethanolamines | Phosphatidylethanolamines],ExtendedClass=[Sterols | PC O-phospholipids | PE O],FunctionalClass=[Phosphatidylcholines | Phosphatidylethanolamines],Mass=[747.483907 | 747.48390549],Formula=[C42H70NO8P]"
"40","'PC 35:7/PC O-35:8;O/PE 38:7/PE O-38:8;O'","PC 35:7 | PC O-35:8;O | PE 38:7 | PE O-38:8;O","Glycerophosphocholines | Phosphatidylcholines | Glycerophosphoethanolamines","MainClass=[Glycerophosphocholines | Phosphatidylcholines | Glycerophosphoethanolamines],ExtendedClass=[Sterols | PC O-phospholipids],FunctionalClass=[Phosphatidylcholines | Phosphatidylethanolamines | O-PE],Mass=[761.499557 | 761.49955556],Formula=[C43H72NO8P]"
"41","'PC 36:7;O/PE 39:7;O/PS O-38:7'","PC 36:7;O | PE 39:7;O | PS O-38:7","Glycerophosphocholines | Phosphatidylethanolamines | Glycerophosphoserines","MainClass=[Glycerophosphocholines | Phosphatidylethanolamines | Glycerophosphoserines],ExtendedClass=[Sterols | Phosphatidylethanolamines],FunctionalClass=[Ox-PC | Phosphatidylethanolamines | O-PS],Mass=[791.510122 | 791.51012026],Formula=[C44H74NO9P]"
"42","'PC 37:7;O/PE 40:7;O/PS O-39:7'","PC 37:7;O | PE 40:7;O | PS O-39:7","Phosphatidylcholines | Glycerophosphoethanolamines | Phosphatidylserines","MainClass=[Phosphatidylcholines | Glycerophosphoethanolamines | Phosphatidylserines],ExtendedClass=[Phosphatidylcholines | Sterols | Phosphatidylserines],FunctionalClass=[Phosphatidylcholines | Ox-PE | Phosphatidylserines],Mass=[805.52577033 | 805.525772],Formula=[C45H76NO9P]"
"43","'PIP 42:7'","PIP 42:7","Phosphatidylinositol-monophosphates","MainClass=[Phosphatidylinositol-monophosphates],ExtendedClass=[Phosphatidylinositol-monophosphates],FunctionalClass=[Phosphatidylinositol-monophosphates],Mass=[1016.53911109],Formula=[C51H86O16P2]"
"44","'PIP 44:7;O'","PIP 44:7;O","Phosphatidylinositol-monophosphates","MainClass=[Phosphatidylinositol-monophosphates],ExtendedClass=[Phosphatidylinositol-monophosphates],FunctionalClass=[Phosphatidylinositol-monophosphates],Mass=[1060.56532586],Formula=[C53H90O17P2]"
"45","'PIP 44:8'","PIP 44:8","Phosphatidylinositol-monophosphates","MainClass=[Phosphatidylinositol-monophosphates],ExtendedClass=[Phosphatidylinositol-monophosphates],FunctionalClass=[Phosphatidylinositol-monophosphates],Mass=[1042.55476116],Formula=[C53H88O16P2]"
"46","'PIP 44:8;O'","PIP 44:8;O","Phosphatidylinositol-monophosphates","MainClass=[Phosphatidylinositol-monophosphates],ExtendedClass=[Phosphatidylinositol-monophosphates],FunctionalClass=[Phosphatidylinositol-monophosphates],Mass=[1058.54967579],Formula=[C53H88O17P2]"
"47","'PS 30:8'","PS 30:8","Glycerophosphoserines","MainClass=[Glycerophosphoserines],ExtendedClass=[Sterols],FunctionalClass=[Phosphatidylserines],Mass=[691.348537],Formula=[C36H54NO10P]"
"48","'ST 18:3;O7;S'","ST 18:3;O7;S","Sterol/Bile acid conjugates(In-silico)","MainClass=[Sterol/Bile acid conjugates(In-silico)],ExtendedClass=[Sterols],FunctionalClass=[Sulfate conjugates(In-silico)],Mass=[432.109022],Formula=[C18H24O10S]"
"49","'ST 19:0;O6;Hex'","ST 19:0;O6;Hex","Sterol/Bile acid conjugates(In-silico)","MainClass=[Sterol/Bile acid conjugates(In-silico)],ExtendedClass=[Sterols],FunctionalClass=[Hexose conjugates(In-silico)],Mass=[518.272715],Formula=[C25H42O11]"
"50","'ST 19:1;O8'","ST 19:1;O8","Steroids","MainClass=[Steroids],ExtendedClass=[Sterols],FunctionalClass=[C19 Steroids],Mass=[386.194070],Formula=[C19H30O8]"
"51","'ST 21:0;O3;Hex/ST 27:1;O8'","ST 21:0;O3;Hex | ST 27:1;O8","Sterol/Bile acid conjugates(In-silico) | Sterols/Bile acids(In-silico)","MainClass=[Sterol/Bile acid conjugates(In-silico) | Sterols/Bile acids(In-silico)],ExtendedClass=[Sterols],FunctionalClass=[Hexose conjugates(In-silico) | Sterols/C27 Bile acids(In-silico)],Mass=[498.319270],Formula=[C27H46O8]"
"52","'ST 21:0;O4;Hex'","ST 21:0;O4;Hex","Sterol/Bile acid conjugates(In-silico)","MainClass=[Sterol/Bile acid conjugates(In-silico)],ExtendedClass=[Sterols],FunctionalClass=[Hexose conjugates(In-silico)],Mass=[514.314185],Formula=[C27H46O9]"
"53","'ST 21:0;O7;Hex'","ST 21:0;O7;Hex","Sterol/Bile acid conjugates(In-silico)","MainClass=[Sterol/Bile acid conjugates(In-silico)],ExtendedClass=[Sterols],FunctionalClass=[Hexose conjugates(In-silico)],Mass=[562.298930],Formula=[C27H46O12]"
"54","'ST 22:0;O3;Hex/ST 28:1;O8'","ST 22:0;O3;Hex | ST 28:1;O8","Sterol/Bile acid conjugates(In-silico) | Sterols/Bile acids(In-silico)","MainClass=[Sterol/Bile acid conjugates(In-silico) | Sterols/Bile acids(In-silico)],ExtendedClass=[Sterols],FunctionalClass=[Hexose conjugates(In-silico) | Sterols/C28 Bile acids(In-silico)],Mass=[512.334920],Formula=[C28H48O8]"
"55","'ST 22:0;O4;Hex'","ST 22:0;O4;Hex","Sterol/Bile acid conjugates(In-silico)","MainClass=[Sterol/Bile acid conjugates(In-silico)],ExtendedClass=[Sterols],FunctionalClass=[Hexose conjugates(In-silico)],Mass=[528.329835],Formula=[C28H48O9]"
"56","'ST 22:6;O5'","ST 22:6;O5","Sterols/Bile acids(In-silico)","MainClass=[Sterols/Bile acids(In-silico)],ExtendedClass=[Sterols],FunctionalClass=[Sterols/C22 Bile acids(In-silico)],Mass=[370.178025],Formula=[C22H26O5]"
"57","'ST 23:0;O3;Hex/ST 29:1;O8'","ST 23:0;O3;Hex | ST 29:1;O8","Sterol/Bile acid conjugates(In-silico) | Sterols/Bile acids(In-silico)","MainClass=[Sterol/Bile acid conjugates(In-silico) | Sterols/Bile acids(In-silico)],ExtendedClass=[Sterols],FunctionalClass=[Hexose conjugates(In-silico) | Sterols/C29 Bile acids(In-silico)],Mass=[526.350570],Formula=[C29H50O8]"
"58","'ST 23:0;O4;Hex'","ST 23:0;O4;Hex","Sterol/Bile acid conjugates(In-silico)","MainClass=[Sterol/Bile acid conjugates(In-silico)],ExtendedClass=[Sterols],FunctionalClass=[Hexose conjugates(In-silico)],Mass=[542.345485],Formula=[C29H50O9]"
"59","'ST 23:0;O8;Hex'","ST 23:0;O8;Hex","Sterol/Bile acid conjugates(In-silico)","MainClass=[Sterol/Bile acid conjugates(In-silico)],ExtendedClass=[Sterols],FunctionalClass=[Hexose conjugates(In-silico)],Mass=[606.325145],Formula=[C29H50O13]"
"60","'ST 23:1;O7;GlCA/ST 23:2;O8;Hex'","ST 23:1;O7;GlcA | ST 23:2;O8;Hex","Sterol/Bile acid conjugates(In-silico)","MainClass=[Sterol/Bile acid conjugates(In-silico)],ExtendedClass=[Sterols],FunctionalClass=[Glucuronic acid conjugates(In-silico) | Hexose conjugates(In-silico)],Mass=[602.293845],Formula=[C29H46O13]"
"61","'ST 24:0;O3;Hex/ST 30:1;O8'","ST 24:0;O3;Hex | NA","Sterol/Bile acid conjugates(In-silico) | NA","MainClass=[Sterol/Bile acid conjugates(In-silico) | NA],ExtendedClass=[Sterols | NA],FunctionalClass=[Hexose conjugates(In-silico) | NA],Mass=[540.366220 | NA],Formula=[C30H52O8 | NA]"
"62","'ST 24:0;O4;GlCA/ST 24:1;O5;Hex'","ST 24:0;O4;GlcA | ST 24:1;O5;Hex","Sterol/Bile acid conjugates(In-silico)","MainClass=[Sterol/Bile acid conjugates(In-silico)],ExtendedClass=[Sterols],FunctionalClass=[Glucuronic acid conjugates(In-silico) | Hexose conjugates(In-silico)],Mass=[570.340400],Formula=[C30H50O10]"
"63","'ST 24:0;O4;Hex'","ST 24:0;O4;Hex","Sterol/Bile acid conjugates(In-silico)","MainClass=[Sterol/Bile acid conjugates(In-silico)],ExtendedClass=[Sterols],FunctionalClass=[Hexose conjugates(In-silico)],Mass=[556.361135],Formula=[C30H52O9]"
"64","'ST 24:0;O5;Hex'","ST 24:0;O5;Hex","Sterol/Bile acid conjugates(In-silico)","MainClass=[Sterol/Bile acid conjugates(In-silico)],ExtendedClass=[Sterols],FunctionalClass=[Hexose conjugates(In-silico)],Mass=[572.356050],Formula=[C30H52O10]"
"65","'ST 25:0;O3;Hex'","ST 25:0;O3;Hex","Sterol/Bile acid conjugates(In-silico)","MainClass=[Sterol/Bile acid conjugates(In-silico)],ExtendedClass=[Sterols],FunctionalClass=[Hexose conjugates(In-silico)],Mass=[554.381870],Formula=[C31H54O8]"
"66","'ST 25:0;O4;Hex'","ST 25:0;O4;Hex","Sterol/Bile acid conjugates(In-silico)","MainClass=[Sterol/Bile acid conjugates(In-silico)],ExtendedClass=[Sterols],FunctionalClass=[Hexose conjugates(In-silico)],Mass=[570.376785],Formula=[C31H54O9]"
"67","'ST 25:0;O5;Hex'","ST 25:0;O5;Hex","Sterol/Bile acid conjugates(In-silico)","MainClass=[Sterol/Bile acid conjugates(In-silico)],ExtendedClass=[Sterols],FunctionalClass=[Hexose conjugates(In-silico)],Mass=[586.371700],Formula=[C31H54O10]"
"68","'ST 25:1;O8;GlCA'","ST 25:1;O8;GlcA","Sterol/Bile acid conjugates(In-silico)","MainClass=[Sterol/Bile acid conjugates(In-silico)],ExtendedClass=[Sterols],FunctionalClass=[Glucuronic acid conjugates(In-silico)],Mass=[646.320060],Formula=[C31H50O14]"
"69","'ST 25:6;O5'","ST 25:6;O5","Sterols/Bile acids(In-silico)","MainClass=[Sterols/Bile acids(In-silico)],ExtendedClass=[Sterols],FunctionalClass=[Sterols/C25 Bile acids(In-silico)],Mass=[412.224975],Formula=[C25H32O5]"
"70","'ST 25:7;O5;S'","ST 25:7;O5;S","Sterol/Bile acid conjugates(In-silico)","MainClass=[Sterol/Bile acid conjugates(In-silico)],ExtendedClass=[Sterols],FunctionalClass=[Sulfate conjugates(In-silico)],Mass=[490.166142],Formula=[C25H30O8S]"
"71","'ST 26:0;O3;Hex'","ST 26:0;O3;Hex","Sterol/Bile acid conjugates(In-silico)","MainClass=[Sterol/Bile acid conjugates(In-silico)],ExtendedClass=[Sterols],FunctionalClass=[Hexose conjugates(In-silico)],Mass=[568.397520],Formula=[C32H56O8]"
"72","'ST 26:0;O4;Hex'","ST 26:0;O4;Hex","Sterol/Bile acid conjugates(In-silico)","MainClass=[Sterol/Bile acid conjugates(In-silico)],ExtendedClass=[Sterols],FunctionalClass=[Hexose conjugates(In-silico)],Mass=[584.392435],Formula=[C32H56O9]"
"73","'ST 26:0;O5;Hex'","ST 26:0;O5;Hex","Sterol/Bile acid conjugates(In-silico)","MainClass=[Sterol/Bile acid conjugates(In-silico)],ExtendedClass=[Sterols],FunctionalClass=[Hexose conjugates(In-silico)],Mass=[600.387350],Formula=[C32H56O10]"
"74","'ST 27:0;O4;Hex/TG 30:2;O3'","ST 27:0;O4;Hex | TG 30:2;O3","Sterol/Bile acid conjugates(In-silico) | Triacyl alkylglycerides","MainClass=[Sterol/Bile acid conjugates(In-silico) | Triacyl alkylglycerides],ExtendedClass=[Sterols | Triacyl alkylglycerides],FunctionalClass=[Hexose conjugates(In-silico) | Triacyl alkylglycerides],Mass=[598.408085 | 598.4080837],Formula=[C33H58O9]"
"75","'ST 27:0;O5;GlCA/ST 27:1;O6;Hex'","ST 27:0;O5;GlcA | ST 27:1;O6;Hex","Sterol/Bile acid conjugates(In-silico)","MainClass=[Sterol/Bile acid conjugates(In-silico)],ExtendedClass=[Sterols],FunctionalClass=[Glucuronic acid conjugates(In-silico) | Hexose conjugates(In-silico)],Mass=[628.382265],Formula=[C33H56O11]"
"76","'ST 27:0;O5;Hex'","ST 27:0;O5;Hex","Sterol/Bile acid conjugates(In-silico)","MainClass=[Sterol/Bile acid conjugates(In-silico)],ExtendedClass=[Sterols],FunctionalClass=[Hexose conjugates(In-silico)],Mass=[614.403000],Formula=[C33H58O10]"
"77","'ST 27:0;O6;Hex'","ST 27:0;O6;Hex","Sterol/Bile acid conjugates(In-silico)","MainClass=[Sterol/Bile acid conjugates(In-silico)],ExtendedClass=[Sterols],FunctionalClass=[Hexose conjugates(In-silico)],Mass=[630.397915],Formula=[C33H58O11]"
"78","'ST 28:0;O4;Hex/TG 31:2;O3'","ST 28:0;O4;Hex | TG 31:2;O3","Sterol/Bile acid conjugates(In-silico) | Triacyl alkylglycerides","MainClass=[Sterol/Bile acid conjugates(In-silico) | Triacyl alkylglycerides],ExtendedClass=[Sterols | Triacyl alkylglycerides],FunctionalClass=[Hexose conjugates(In-silico) | Triacyl alkylglycerides],Mass=[612.423735 | 612.42373377],Formula=[C34H60O9]"
"79","'ST 28:0;O5;GlCA/ST 28:1;O6;Hex'","ST 28:0;O5;GlcA | ST 28:1;O6;Hex","Sterol/Bile acid conjugates(In-silico)","MainClass=[Sterol/Bile acid conjugates(In-silico)],ExtendedClass=[Sterols],FunctionalClass=[Glucuronic acid conjugates(In-silico) | Hexose conjugates(In-silico)],Mass=[642.397915],Formula=[C34H58O11]"
"80","'ST 28:0;O5;Hex'","ST 28:0;O5;Hex","Sterol/Bile acid conjugates(In-silico)","MainClass=[Sterol/Bile acid conjugates(In-silico)],ExtendedClass=[Sterols],FunctionalClass=[Hexose conjugates(In-silico)],Mass=[628.418650],Formula=[C34H60O10]"
"81","'ST 28:0;O6;Hex'","ST 28:0;O6;Hex","Sterol/Bile acid conjugates(In-silico)","MainClass=[Sterol/Bile acid conjugates(In-silico)],ExtendedClass=[Sterols],FunctionalClass=[Hexose conjugates(In-silico)],Mass=[644.413565],Formula=[C34H60O11]"
"82","'ST 29:0;O5;Hex'","ST 29:0;O5;Hex","Sterol/Bile acid conjugates(In-silico)","MainClass=[Sterol/Bile acid conjugates(In-silico)],ExtendedClass=[Sterols],FunctionalClass=[Hexose conjugates(In-silico)],Mass=[642.434300],Formula=[C35H62O10]"
"83","'ST 29:0;O6;Hex'","ST 29:0;O6;Hex","Sterol/Bile acid conjugates(In-silico)","MainClass=[Sterol/Bile acid conjugates(In-silico)],ExtendedClass=[Sterols],FunctionalClass=[Hexose conjugates(In-silico)],Mass=[658.429215],Formula=[C35H62O11]"
"84","'ST 29:0;O7;Hex'","ST 29:0;O7;Hex","Sterol/Bile acid conjugates(In-silico)","MainClass=[Sterol/Bile acid conjugates(In-silico)],ExtendedClass=[Sterols],FunctionalClass=[Hexose conjugates(In-silico)],Mass=[674.424130],Formula=[C35H62O12]"
"85","'ST 30:0;O5;Hex'","NA","NA","MainClass=[NA],ExtendedClass=[NA],FunctionalClass=[NA],Mass=[NA],Formula=[NA]"
"86","'ST 30:0;O6;GlCA/ST 30:1;O7;Hex'","NA","NA","MainClass=[NA],ExtendedClass=[NA],FunctionalClass=[NA],Mass=[NA],Formula=[NA]"
"87","'ST 30:0;O6;Hex'","NA","NA","MainClass=[NA],ExtendedClass=[NA],FunctionalClass=[NA],Mass=[NA],Formula=[NA]"
"88","'ST 30:0;O7;Hex'","NA","NA","MainClass=[NA],ExtendedClass=[NA],FunctionalClass=[NA],Mass=[NA],Formula=[NA]"
"89","'Cer 44:0;O4'","Cer 44:0;O4","Ceramides","MainClass=[Ceramides],ExtendedClass=[Sterols],FunctionalClass=[PhytoCer],Mass=[711.674074],Formula=[C44H89NO5]"
"90","'DG 21:6/ST 24:4;O5'","DG 21:6 | ST 24:4;O5","Diacyl alkylglycerides | Sterols/Bile acids(In-silico)","MainClass=[Diacyl alkylglycerides | Sterols/Bile acids(In-silico)],ExtendedClass=[Diacyl alkylglycerides | Sterols],FunctionalClass=[Diacyl alkylglycerides | Sterols/C24 Bile acids(In-silico)],Mass=[402.24062434 | 402.240625],Formula=[C24H34O5]"
"91","'DG 21:6;O/ST 18:3;O;Hex/ST 24:4;O6'","DG 21:6;O | ST 18:3;O;Hex | ST 24:4;O6","Diacyl alkylglycerides | Sterol/Bile acid conjugates(In-silico) | Sterols/Bile acids(In-silico)","MainClass=[Diacyl alkylglycerides | Sterol/Bile acid conjugates(In-silico) | Sterols/Bile acids(In-silico)],ExtendedClass=[Diacyl alkylglycerides | Sterols],FunctionalClass=[Diacyl alkylglycerides | Hexose conjugates(In-silico) | Sterols/C24 Bile acids(In-silico)],Mass=[418.23553897 | 418.235540],Formula=[C24H34O6]"
"92","'FA 12:0'","FA 12:0","Fatty acids","MainClass=[Fatty acids],ExtendedClass=[Fatty acids],FunctionalClass=[Fatty acids],Mass=[200.1776301],Formula=[C12H24O2]"
"93","'FA 14:3'","FA 14:3","Fatty acids","MainClass=[Fatty acids],ExtendedClass=[Fatty acids],FunctionalClass=[Fatty acids],Mass=[222.16198003],Formula=[C14H22O2]"
"94","'FA 15:4'","FA 15:4","Fatty acids","MainClass=[Fatty acids],ExtendedClass=[Fatty acids],FunctionalClass=[Fatty acids],Mass=[234.16198003],Formula=[C15H22O2]"
"95","'FA 16:0;O/MG O-13:1'","FA 16:0;O | MG O-13:1","Fatty acids | Monoacyl alkylglycerides","MainClass=[Fatty acids | Monoacyl alkylglycerides],ExtendedClass=[Fatty acids | Monoacyl alkylglycerides],FunctionalClass=[Fatty acids | Monoacyl alkylglycerides],Mass=[272.23514501],Formula=[C16H32O3]"
"96","'FA 16:1'","FA 16:1","Fatty acids","MainClass=[Fatty acids],ExtendedClass=[Fatty acids],FunctionalClass=[Fatty acids],Mass=[254.22458031],Formula=[C16H30O2]"
"97","'FA 16:1;O/MG O-13:2'","FA 16:1;O | MG O-13:2","Fatty acids | Monoacyl alkylglycerides","MainClass=[Fatty acids | Monoacyl alkylglycerides],ExtendedClass=[Fatty acids | Monoacyl alkylglycerides],FunctionalClass=[Fatty acids | Monoacyl alkylglycerides],Mass=[270.21949494],Formula=[C16H30O3]"
"98","'FA 16:4'","FA 16:4","Fatty acids","MainClass=[Fatty acids],ExtendedClass=[Fatty acids],FunctionalClass=[Fatty acids],Mass=[248.1776301],Formula=[C16H24O2]"
"99","'FA 17:0'","FA 17:0","Fatty acids","MainClass=[Fatty acids],ExtendedClass=[Fatty acids],FunctionalClass=[Fatty acids],Mass=[270.25588045],Formula=[C17H34O2]"
"100","'FA 17:1'","FA 17:1","Fatty acids","MainClass=[Fatty acids],ExtendedClass=[Fatty acids],FunctionalClass=[Fatty acids],Mass=[268.24023038],Formula=[C17H32O2]"
"101","'FA 18:1;O2/MG 15:1/MG O-15:2;O'","FA 18:1;O2 | MG 15:1 | MG O-15:2;O","Fatty acids | Monoradylglycerols | Monoacyl alkylglycerides","MainClass=[Fatty acids | Monoradylglycerols | Monoacyl alkylglycerides],ExtendedClass=[Fatty acids | Sterols | Monoacyl alkylglycerides],FunctionalClass=[Fatty acids | MAG | Monoacyl alkylglycerides],Mass=[314.24570971 | 314.245710],Formula=[C18H34O4]"
"102","'FA 18:2;O/MG O-15:3'","FA 18:2;O | MG O-15:3","Fatty acids | Monoacyl alkylglycerides","MainClass=[Fatty acids | Monoacyl alkylglycerides],ExtendedClass=[Fatty acids | Monoacyl alkylglycerides],FunctionalClass=[Fatty acids | Monoacyl alkylglycerides],Mass=[296.23514501],Formula=[C18H32O3]"
"103","'FA 19:1'","FA 19:1","Fatty acids","MainClass=[Fatty acids],ExtendedClass=[Fatty acids],FunctionalClass=[Fatty acids],Mass=[296.27153052],Formula=[C19H36O2]"
"104","'FA 20:5/ST 20:2;O2'","FA 20:5 | NA","Fatty acids | NA","MainClass=[Fatty acids | NA],ExtendedClass=[Fatty acids | NA],FunctionalClass=[Fatty acids | NA],Mass=[302.22458031 | NA],Formula=[C20H30O2 | NA]"
"105","'FA 20:5;O/ST 20:2;O3'","FA 20:5;O | NA","Fatty acids | NA","MainClass=[Fatty acids | NA],ExtendedClass=[Fatty acids | NA],FunctionalClass=[Fatty acids | NA],Mass=[318.21949494 | NA],Formula=[C20H30O3 | NA]"
"106","'FA 20:5;O2/ST 20:2;O4'","FA 20:5;O2 | NA","Fatty acids | NA","MainClass=[Fatty acids | NA],ExtendedClass=[Fatty acids | NA],FunctionalClass=[Fatty acids | NA],Mass=[334.21440957 | NA],Formula=[C20H30O4 | NA]"
"107","'FA 21:6/ST 21:3;O2'","FA 21:6 | ST 21:3;O2","Fatty acids | Steroids","MainClass=[Fatty acids | Steroids],ExtendedClass=[Fatty acids | Sterols],FunctionalClass=[Fatty acids | C21 Steroids],Mass=[314.22458031 | 314.224580],Formula=[C21H30O2]"
"109","'FA 22:5;O4/ST 22:2;O6'","FA 22:5;O4 | ST 22:2;O6","Fatty acids | Sterols/Bile acids(In-silico)","MainClass=[Fatty acids | Sterols/Bile acids(In-silico)],ExtendedClass=[Fatty acids | Sterols],FunctionalClass=[Fatty acids | Sterols/C22 Bile acids(In-silico)],Mass=[394.23553897 | 394.235540],Formula=[C22H34O6]"
"110","'FA 22:6/ST 22:3;O2'","FA 22:6 | ST 22:3;O2","Fatty acids | Sterols(In silico)","MainClass=[Fatty acids | Sterols(In silico)],ExtendedClass=[Fatty acids | Sterols],FunctionalClass=[Fatty acids | Sterols(In silico)],Mass=[328.24023038 | 328.240230],Formula=[C22H32O2]"
"111","'FA 23:6;O/ST 23:3;O3'","FA 23:6;O | ST 23:3;O3","Fatty acids | Sterols/Bile acids(In-silico)","MainClass=[Fatty acids | Sterols/Bile acids(In-silico)],ExtendedClass=[Fatty acids | Sterols],FunctionalClass=[Fatty acids | Sterols/C23 Bile acids(In-silico)],Mass=[358.25079508 | 358.250795],Formula=[C23H34O3]"
"112","'FA 23:6;O2/ST 23:3;O4'","FA 23:6;O2 | ST 23:3;O4","Fatty acids | Sterols/Bile acids(In-silico)","MainClass=[Fatty acids | Sterols/Bile acids(In-silico)],ExtendedClass=[Fatty acids | Sterols],FunctionalClass=[Fatty acids | Sterols/C23 Bile acids(In-silico)],Mass=[374.24570971 | 374.245710],Formula=[C23H34O4]"
"113","'LPA 16:2;O/LPG O-13:3'","LPA 16:2;O | LPG O-13:3","Lipoprotein A | lysophosphatidylglycerol","MainClass=[Lipoprotein A | lysophosphatidylglycerol],ExtendedClass=[Lipoprotein A | lysophosphatidylglycerol],FunctionalClass=[Lipoprotein A | lysophosphatidylglycerol],Mass=[422.206955265],Formula=[C19H35O8P]"
"114","'LPA O-15:2'","LPA O-15:2","Lipoprotein A","MainClass=[Lipoprotein A],ExtendedClass=[Lipoprotein A],FunctionalClass=[Lipoprotein A],Mass=[378.217126005],Formula=[C18H35O6P]"
"115","'LPA O-16:2'","LPA O-16:2","Glycerophosphates","MainClass=[Glycerophosphates],ExtendedClass=[Sterols],FunctionalClass=[O-LPA],Mass=[392.232778],Formula=[C19H37O6P]"
"116","'LPG 13:1/LPG O-13:2;O'","LPG 13:1 | LPG O-13:2;O","Glycerophosphoglycerols | lysophosphatidylglycerol","MainClass=[Glycerophosphoglycerols | lysophosphatidylglycerol],ExtendedClass=[Sterols | lysophosphatidylglycerol],FunctionalClass=[lysophosphatidylglycerol],Mass=[440.217523 | 440.217519965],Formula=[C19H37O9P]"
"117","'LPG 16:1/LPG O-16:2;O'","LPG 16:1 | LPG O-16:2;O","Glycerophosphoglycerols | lysophosphatidylglycerol","MainClass=[Glycerophosphoglycerols | lysophosphatidylglycerol],ExtendedClass=[Sterols | lysophosphatidylglycerol],FunctionalClass=[lysophosphatidylglycerol],Mass=[482.264473 | 482.264470175],Formula=[C22H43O9P]"
"118","'NAE 10:2'","NAE 10:2","N-acyl ethanolamines","MainClass=[N-acyl ethanolamines],ExtendedClass=[N-acyl ethanolamines],FunctionalClass=[N-acyl ethanolamines],Mass=[211.157228995],Formula=[C12H21NO2]"
"119","'NAE 25:7;O4/ST 19:2;O;HexNAC/ST 25:3;O5;G'","NAE 25:7;O4 | ST 19:2;O;HexNAc | NA","N-acyl ethanolamines | Sterol/Bile acid conjugates(In-silico) | NA","MainClass=[N-acyl ethanolamines | Sterol/Bile acid conjugates(In-silico) | NA],ExtendedClass=[N-acyl ethanolamines | Sterols | NA],FunctionalClass=[N-acyl ethanolamines | N-acetylhexosamine conjugates(In-silico) | NA],Mass=[475.293388215 | 475.293389 | NA],Formula=[C27H41NO6 | NA]"
"120","'NAT 16:1'","NAT 16:1","N-acyl taurines","MainClass=[N-acyl taurines],ExtendedClass=[N-acyl taurines],FunctionalClass=[N-acyl taurines],Mass=[361.228679445],Formula=[C18H35NO4S]"
"121","'NAT 16:4'","NAT 16:4","N-acyl taurines","MainClass=[N-acyl taurines],ExtendedClass=[N-acyl taurines],FunctionalClass=[N-acyl taurines],Mass=[355.181729235],Formula=[C18H29NO4S]"
"122","'ST 18:0;O'","ST 18:0;O","Steroids","MainClass=[Steroids],ExtendedClass=[Sterols],FunctionalClass=[C18 Steroids],Mass=[262.229665],Formula=[C18H30O]"
"123","'ST 18:2;O6;G'","NA","NA","MainClass=[NA],ExtendedClass=[NA],FunctionalClass=[NA],Mass=[NA],Formula=[NA]"
"124","'ST 18:3;O;HexNAC/ST 24:4;O5;G'","ST 18:3;O;HexNAc | NA","Sterol/Bile acid conjugates(In-silico) | NA","MainClass=[Sterol/Bile acid conjugates(In-silico) | NA],ExtendedClass=[Sterols | NA],FunctionalClass=[N-acetylhexosamine conjugates(In-silico) | NA],Mass=[459.262089 | NA],Formula=[C26H37NO6 | NA]"
"125","'ST 19:3;O'","ST 19:3;O","Steroids","MainClass=[Steroids],ExtendedClass=[Sterols],FunctionalClass=[C19 Steroids],Mass=[270.198365],Formula=[C19H26O]"
"126","'ST 19:3;O2'","ST 19:3;O2","Steroids","MainClass=[Steroids],ExtendedClass=[Sterols],FunctionalClass=[C19 Steroids],Mass=[286.193280],Formula=[C19H26O2]"
"127","'ST 19:3;O8;G'","NA","NA","MainClass=[NA],ExtendedClass=[NA],FunctionalClass=[NA],Mass=[NA],Formula=[NA]"
"128","'ST 20:3;O2'","NA","NA","MainClass=[NA],ExtendedClass=[NA],FunctionalClass=[NA],Mass=[NA],Formula=[NA]"
"129","'ST 20:3;O3'","NA","NA","MainClass=[NA],ExtendedClass=[NA],FunctionalClass=[NA],Mass=[NA],Formula=[NA]"
"130","'ST 20:4;O3'","NA","NA","MainClass=[NA],ExtendedClass=[NA],FunctionalClass=[NA],Mass=[NA],Formula=[NA]"
"131","'ST 21:4;O;Hex/ST 27:5;O6'","ST 21:4;O;Hex | ST 27:5;O6","Sterol/Bile acid conjugates(In-silico) | Sterols/Bile acids(In-silico)","MainClass=[Sterol/Bile acid conjugates(In-silico) | Sterols/Bile acids(In-silico)],ExtendedClass=[Sterols],FunctionalClass=[Hexose conjugates(In-silico) | Sterols/C27 Bile acids(In-silico)],Mass=[458.266840],Formula=[C27H38O6]"
"132","'ST 22:1;O3;S'","ST 22:1;O3;S","Sterol/Bile acid conjugates(In-silico)","MainClass=[Sterol/Bile acid conjugates(In-silico)],ExtendedClass=[Sterols],FunctionalClass=[Sulfate conjugates(In-silico)],Mass=[428.223262],Formula=[C22H36O6S]"
"133","'ST 22:3;O'","ST 22:3;O","Sterols(In silico)","MainClass=[Sterols(In silico)],ExtendedClass=[Sterols],FunctionalClass=[Sterols(In silico)],Mass=[312.245315],Formula=[C22H32O]"
"134","'ST 22:4;O'","ST 22:4;O","Sterols(In silico)","MainClass=[Sterols(In silico)],ExtendedClass=[Sterols],FunctionalClass=[Sterols(In silico)],Mass=[310.229665],Formula=[C22H30O]"
"135","'ST 22:4;O2'","ST 22:4;O2","Sterols(In silico)","MainClass=[Sterols(In silico)],ExtendedClass=[Sterols],FunctionalClass=[Sterols(In silico)],Mass=[326.224580],Formula=[C22H30O2]"
"136","'ST 22:6;O4;S'","ST 22:6;O4;S","Sterol/Bile acid conjugates(In-silico)","MainClass=[Sterol/Bile acid conjugates(In-silico)],ExtendedClass=[Sterols],FunctionalClass=[Sulfate conjugates(In-silico)],Mass=[434.139927],Formula=[C22H26O7S]"
"137","'ST 23:4;O3'","ST 23:4;O3","Sterols/Bile acids(In-silico)","MainClass=[Sterols/Bile acids(In-silico)],ExtendedClass=[Sterols],FunctionalClass=[Sterols/C23 Bile acids(In-silico)],Mass=[356.235145],Formula=[C23H32O3]"
"138","'ST 23:4;O4'","ST 23:4;O4","Sterols/Bile acids(In-silico)","MainClass=[Sterols/Bile acids(In-silico)],ExtendedClass=[Sterols],FunctionalClass=[Sterols/C23 Bile acids(In-silico)],Mass=[372.230060],Formula=[C23H32O4]"
"139","'ST 23:6;O6;S'","ST 23:6;O6;S","Sterol/Bile acid conjugates(In-silico)","MainClass=[Sterol/Bile acid conjugates(In-silico)],ExtendedClass=[Sterols],FunctionalClass=[Sulfate conjugates(In-silico)],Mass=[480.145407],Formula=[C23H28O9S]"
"140","'ST 24:5;O4'","ST 24:5;O4","Sterols/Bile acids(In-silico)","MainClass=[Sterols/Bile acids(In-silico)],ExtendedClass=[Sterols],FunctionalClass=[Sterols/C24 Bile acids(In-silico)],Mass=[384.230060],Formula=[C24H32O4]"
"141","'ST 24:5;O5'","ST 24:5;O5","Sterols/Bile acids(In-silico)","MainClass=[Sterols/Bile acids(In-silico)],ExtendedClass=[Sterols],FunctionalClass=[Sterols/C24 Bile acids(In-silico)],Mass=[400.224975],Formula=[C24H32O5]"
"142","'ST 24:6;O4'","ST 24:6;O4","Sterols/Bile acids(In-silico)","MainClass=[Sterols/Bile acids(In-silico)],ExtendedClass=[Sterols],FunctionalClass=[Sterols/C24 Bile acids(In-silico)],Mass=[382.214410],Formula=[C24H30O4]"
"143","'ST 25:7;O2'","ST 25:7;O2","Sterols(In silico)","MainClass=[Sterols(In silico)],ExtendedClass=[Sterols],FunctionalClass=[Sterols(In silico)],Mass=[362.224580],Formula=[C25H30O2]"
"145","'ST 25:7;O8;S'","ST 25:7;O8;S","Sterol/Bile acid conjugates(In-silico)","MainClass=[Sterol/Bile acid conjugates(In-silico)],ExtendedClass=[Sterols],FunctionalClass=[Sulfate conjugates(In-silico)],Mass=[538.150887],Formula=[C25H30O11S]"
"146","'ST 27:4;O6;S'","ST 27:4;O6;S","Sterol/Bile acid conjugates(In-silico)","MainClass=[Sterol/Bile acid conjugates(In-silico)],ExtendedClass=[Sterols],FunctionalClass=[Sulfate conjugates(In-silico)],Mass=[540.239307],Formula=[C27H40O9S]"
"147","'ST 28:0;O3;Hex/TG 31:2;O2/TG O-31:3;O3'","ST 28:0;O3;Hex | TG 31:2;O2 | TG O-31:3;O3","Sterol/Bile acid conjugates(In-silico) | Triacyl alkylglycerides","MainClass=[Sterol/Bile acid conjugates(In-silico) | Triacyl alkylglycerides],ExtendedClass=[Sterols | Triacyl alkylglycerides],FunctionalClass=[Hexose conjugates(In-silico) | Triacyl alkylglycerides],Mass=[596.428820 | 596.42881914],Formula=[C34H60O8]"
"148","'TG 31:0;O2/TG O-31:1;O3'","TG 31:0;O2 | TG O-31:1;O3","Triacyl alkylglycerides","MainClass=[Triacyl alkylglycerides],ExtendedClass=[Triacyl alkylglycerides],FunctionalClass=[Triacyl alkylglycerides],Mass=[600.46011928],Formula=[C34H64O8]"
