"Feature","View","Weight","AdjWeight"
"L-serine","LCMS-Aphid",-0.87937605381012,-1
"L-valine","LCMS-Aphid",-0.879043340682983,-0.999621648638606
"4-(3-pyridyl)-3-butenoate","LCMS-Aphid",-0.841992318630219,-0.957488340718483
"2-oxoglutaramate","LCMS-Aphid",-0.827598810195923,-0.941120475830723
"ophthalmate","LCMS-Aphid",-0.814262866973877,-0.925955242294666
"beta-alanine","LCMS-Aphid",-0.797526001930237,-0.906922582750296
"56-dihydrouracil","LCMS-Aphid",-0.794805884361267,-0.903829346861981
"maleamate","LCMS-Aphid",-0.78694874048233,-0.894894439156804
"trans-homoaconitate","LCMS-Aphid",-0.785263419151306,-0.892977942427422
"N-acetyl-L-citrulline","LCMS-Aphid",-0.784050464630127,-0.891598607027141
"L-asparagine","LCMS-Aphid",-0.779254794120789,-0.886145114760028
"orotate","LCMS-Aphid",-0.748777091503143,-0.851486788000284
"6-pyruvoyl tetrahydropterin","LCMS-Aphid",-0.721254527568817,-0.820188956071523
"norophthalmate","LCMS-Aphid",-0.719989955425262,-0.818750922663545
"L-2-aminoadipate","LCMS-Aphid",-0.712101578712463,-0.809780497919067
"meso-diaminopimelate","LCMS-Aphid",-0.710879862308502,-0.808391198769213
"(3R5S)-3-hydroxy-1-pyrrolin...","LCMS-Aphid",-0.710164964199066,-0.807578238140664
"Nervonic acid","LCMS-Aphid",-0.703220725059509,-0.799681458248297
"2-iminoacetate","LCMS-Aphid",-0.703174352645874,-0.799628724934222
"kanosamine","LCMS-Aphid",-0.688721835613251,-0.783193757243205
"S-acetyldihydrolipoamide","LCMS-Aphid",-0.685951173305511,-0.780043043398162
"N-carbamoyl-L-aspartate","LCMS-Aphid",-0.684903144836426,-0.778851256943954
"CDP-ethanolamine","LCMS-Aphid",-0.684758603572845,-0.778686888966279
"indole-3-lactate","LCMS-Aphid",0.679271936416626,0.772447616094967
"D-alanyl-D-lactate","LCMS-Aphid",-0.671051800251007,-0.763099924478845
"glutathione disulfide","LCMS-Aphid",-0.664466261863708,-0.755611048293549
"DIMBOA-beta-D-glucoside","LCMS-Aphid",-0.654093861579895,-0.743815866654394
"6-deoxotyphasterol","LCMS-Aphid",-0.645580470561981,-0.734134694440268
"Prunin","LCMS-Aphid",-0.64552640914917,-0.734073217427588
"sn-glycero-3-phosphocholine","LCMS-Aphid",-0.644168496131897,-0.732529039585367
"L-ornithine","LCMS-Aphid",-0.642724573612213,-0.730887054323854
"dopamine 3-O-sulfate","LCMS-Aphid",-0.633988916873932,-0.720953128217461
"arachidate","LCMS-Aphid",-0.633511245250702,-0.720409934414127
"indole-3-glycol","LCMS-Aphid",-0.628620326519012,-0.714848128733271
"S-methyl-5'-thioadenosine","LCMS-Aphid",-0.626896679401398,-0.712888049072077
"7-Methylguanine","LCMS-Aphid",0.608672738075256,0.692164331105023
"a thiopurine S-methylether","LCMS-Aphid",0.606839537620544,0.690079670683843
"D-glyceraldehyde 3-phosphate","LCMS-Aphid",-0.60582572221756,-0.688926790299402
"L-pipecolate","LCMS-Aphid",-0.602126181125641,-0.684719783438242
"phosphate","LCMS-Aphid",-0.59623658657074,-0.678022313647721
"uracil","LCMS-Aphid",-0.58982115983963,-0.67072688332151
"guanine","LCMS-Aphid",-0.58929044008255,-0.670123364775854
"gamma-L-glutamyl-(S)-2-amin...","LCMS-Aphid",-0.582492828369141,-0.662393325182489
"a tetradecenoate(n-C14:1)","LCMS-Aphid",-0.576651573181152,-0.655750825466151
"L-4-hydroxyglutamate semial...","LCMS-Aphid",0.573348581790924,0.651994762998999
"(7R8S)-8-amino-7-(carboxyam...","LCMS-Aphid",-0.573243379592896,-0.651875130223496
"2'-deoxyuridine","LCMS-Aphid",-0.566980302333832,-0.644752947134785
"3-pyridylacetate","LCMS-Aphid",-0.566099405288696,-0.643751217509196
"L-glutamine","LCMS-Aphid",-0.563047587871552,-0.640280782529846
"chitobiose","LCMS-Aphid",-0.553044736385345,-0.628905840668664
"palmitoleate","LCMS-Aphid",-0.550801277160645,-0.626354646313324
"ADP","LCMS-Aphid",-0.550541520118713,-0.626059258417776
"phenylglyoxylate","LCMS-Aphid",0.550465643405914,0.625972973702072
"maltotriose","LCMS-Aphid",0.547482967376709,0.62258116422957
"(S)-2-aminobutanoate","LCMS-Aphid",-0.546654522418976,-0.621639081540209
"dimethylsulfonio-2-hydroxyb...","LCMS-Aphid",-0.544797241687775,-0.61952703775285
"bergaptol","LCMS-Aphid",-0.542897582054138,-0.617366801952244
"urate","LCMS-Aphid",-0.541862547397614,-0.616189791670875
"2-hydroxyglutarate","LCMS-Aphid",-0.540567338466644,-0.614716919029691
"5-amino-5-deoxy-3-dehydrosh...","LCMS-Aphid",-0.539554536342621,-0.613565190915609
"(S)-(+)-allantoin","LCMS-Aphid",-0.539286434650421,-0.613260313734751
"5-oxo-L-proline","LCMS-Aphid",-0.53832596540451,-0.612168096995679
"3-(methylthio)propanoate","LCMS-Aphid",0.536516606807709,0.610110548818238
"N4-(beta-N-acetyl-D-glucosa...","LCMS-Aphid",-0.534672915935516,-0.608013959009812
"6-(hydroxymethyl)-78-dihydr...","LCMS-Aphid",-0.53386253118515,-0.607092413845084
"4-imidazolone-5-propanoate","LCMS-Aphid",0.532740890979767,0.605816918338329
"(S)-2-amino-6-oxohexanoate","LCMS-Aphid",0.531582057476044,0.604499127731338
"3-ethylmalate","LCMS-Aphid",-0.527459740638733,-0.599811353008056
"deoxynivalenol-3-glucoside","LCMS-Aphid",0.524787724018097,0.596772816071487
"tuberonic acid glucoside","LCMS-Aphid",-0.508653819561005,-0.578425825171305
"4-guanidinobutanoate","LCMS-Aphid",-0.506981194019318,-0.576523765711715
"methyl beta-D-glucoside","LCMS-Aphid",0.506207704544067,0.575644176744175
"9-Oxo-ODE","LCMS-Aphid",-0.50500899553299,-0.574281040909529
"L-tryptophan","LCMS-Aphid",-0.502908647060394,-0.57189258779724
"dIMP","LCMS-Aphid",-0.502054631710052,-0.570921427226468
"beta-D-galactosyl-14-N-acet...","LCMS-Aphid",-0.501363217830658,-0.570135172158003
"N-Acetyl-L-glutamine","LCMS-Aphid",-0.499067455530167,-0.567524500317959
"shikimate 3-phosphate","LCMS-Aphid",-0.493034183979034,-0.560663645368598
"L-leucine","LCMS-Aphid",0.490266472101212,0.557516286663718
"Indole-3-acrylic acid","LCMS-Aphid",-0.488668441772461,-0.555699054636729
"tryptamine","LCMS-Aphid",0.485918372869492,0.552571758992216
"L-erythro-78-dihydrobiopterin","LCMS-Aphid",-0.484839886426926,-0.55134533664663
"D-quinovitol","LCMS-Aphid",-0.480965256690979,-0.546939224245504
"2'-deoxyadenosine","LCMS-Aphid",-0.479832261800766,-0.545650816532667
"2-(formamido)-N1-(5-phospho...","LCMS-Aphid",-0.47816801071167,-0.54375828024869
"oxalosuccinate","LCMS-Aphid",0.475762248039246,0.541022519294089
"N-acetylneuraminate","LCMS-Aphid",-0.462671488523483,-0.526136101294596
"thymidine","LCMS-Aphid",-0.461186498403549,-0.52444741519324
"N-formimino-L-glutamate","LCMS-Aphid",-0.460388988256454,-0.523540510640132
"5-aminopentanoate","LCMS-Aphid",-0.456062614917755,-0.518620689000739
"3-O-D-mannopyranose","LCMS-Aphid",0.455800920724869,0.518323098235386
"alpha-linolenate","LCMS-Aphid",-0.45540788769722,-0.51787615289733
"(+)-dihydrokaempferol","LCMS-Aphid",-0.4530189037323,-0.515159472184261
"15-acetyl-DON-3-beta-D-gluc...","LCMS-Aphid",0.452415317296982,0.514473091843675
"pyrimidine","LCMS-Aphid",0.448855966329575,0.510425504975707
"Nivalenol","LCMS-Aphid",-0.448222577571869,-0.509705234330445
"D-perosaminopyranose","LCMS-Aphid",0.440924972295761,0.501406617095544
"xanthosine","LCMS-Aphid",-0.440504163503647,-0.50092808599353
"2'-deoxyinosine","LCMS-Aphid",0.437049448490143,0.496999487985277
"4-aminophenol","LCMS-Aphid",0.435052275657654,0.494728363107773
"Citrinin","LCMS-Aphid",-0.434579253196716,-0.494190456191969
"(S)-nicotine N1'-oxide","LCMS-Aphid",-0.43210232257843,-0.491373765189804
"N-benzylformamide","LCMS-Aphid",0.432084143161774,0.491353092103952
"2-amino-5-formylamino-6-(5-...","LCMS-Aphid",-0.43160817027092,-0.490811830047985
"GMP","LCMS-Aphid",-0.424267649650574,-0.482464410774351
"kynurenate","LCMS-Aphid",-0.424147546291351,-0.48232783284651
"5'-deoxy-5'-fluoroadenosine","LCMS-Aphid",0.423937112092972,0.482088533405199
"3-methyl-2-oxobutanoate","LCMS-Aphid",-0.422278046607971,-0.480201894034235
"(RS)-piperidine-3-carboxamide","LCMS-Aphid",0.421998918056488,0.479884477440648
"urocanate","LCMS-Aphid",0.417939096689224,0.475267770686269
"D-galactosamine 6-phosphate","LCMS-Aphid",-0.415754586458206,-0.472783611353577
"NADH","LCMS-Aphid",-0.413424611091614,-0.470134033443766
"(-)-sophorol","LCMS-Aphid",-0.412897884845734,-0.469535056198937
"L-proline","LCMS-Aphid",-0.411824554204941,-0.468314496876059
"indole-3-ketol","LCMS-Aphid",-0.410024642944336,-0.466267691925201
"2-hydroxypentanoate","LCMS-Aphid",0.407811939716339,0.463751472364287
"78-diaminopelargonate","LCMS-Aphid",-0.403115302324295,-0.458410597579609
"hypotaurine","LCMS-Aphid",-0.400777757167816,-0.45575241153241
"N-acetyl-serotonin","LCMS-Aphid",-0.400159239768982,-0.455049052149181
"L-palmitoylcarnitine","LCMS-Aphid",0.397944718599319,0.452530765279681
"taurine","LCMS-Aphid",-0.397678345441818,-0.452227853736494
"sn-glycerol 1-phosphate","LCMS-Aphid",-0.392079859972,-0.44586142444204
"AMP","LCMS-Aphid",-0.391536772251129,-0.445243841419944
"24-dinitrophenyl-S-glutathione","LCMS-Aphid",-0.39153116941452,-0.445237470042665
"(R)-2-benzylsuccinate","LCMS-Aphid",0.390059351921082,0.443563763455976
"DL-malic semialdehyde","LCMS-Aphid",-0.389233887195587,-0.442625069797082
"pyridoxamine 5'-phosphate","LCMS-Aphid",-0.388564199209213,-0.441863520760726
"alphaomega-9Z-octadecenedioate","LCMS-Aphid",-0.388330012559891,-0.441597210746588
"(E)-indol-3-ylacetaldoxime","LCMS-Aphid",-0.386074513196945,-0.43903232470816
"indole acetaldehyde","LCMS-Aphid",-0.38407090306282,-0.436753879524847
"N-succinyl-LL-26-diaminopim...","LCMS-Aphid",-0.383660644292831,-0.436287345590688
"Alternariolmethylether","LCMS-Aphid",-0.38323763012886,-0.435806306606129
"preQ1","LCMS-Aphid",-0.382164239883423,-0.434585679502642
"4-coumaryl alcohol","LCMS-Aphid",0.381351739168167,0.433661728126282
"4-pyridoxate","LCMS-Aphid",-0.378898829221725,-0.430872352709686
"(RS)-piperazine-2-carboxamide","LCMS-Aphid",-0.377807110548019,-0.429630883068824
"nicotinamide","LCMS-Aphid",0.374533236026764,0.42590793142934
"a muricholate","LCMS-Aphid",-0.37368842959404,-0.424947242962712
"indole","LCMS-Aphid",0.372761607170105,0.423893288377618
"N-formylkynurenine","LCMS-Aphid",-0.372719287872314,-0.423845164144979
"creatine","LCMS-Aphid",-0.372142195701599,-0.423188912285249
"oleamide","LCMS-Aphid",0.370894908905029,0.421770535253983
"L-phenylalanine","LCMS-Aphid",-0.368068307638168,-0.418556209307064
"gamma-butyrobetaine","LCMS-Aphid",-0.367738962173462,-0.418181687550098
"Hexanoic acid","LCMS-Aphid",0.367389231920242,0.417783984824735
"2-carboxy-5-oxo-25-dihydrof...","LCMS-Aphid",-0.366969913244247,-0.417307148237955
"indole-3-acetate","LCMS-Aphid",0.363383114337921,0.413228348399381
"D-erythrose","LCMS-Aphid",-0.361074358224869,-0.410602900386499
"guanosine","LCMS-Aphid",-0.360989212989807,-0.410506075786042
"2-keto-6-acetamidocaproate","LCMS-Aphid",-0.358108311891556,-0.407230001704005
"alphaalpha-Trehalose","LCMS-Aphid",-0.356340706348419,-0.405219933843414
"D-mannitol","LCMS-Aphid",-0.355463117361069,-0.404221966041644
"4-amino-5-imidazole carboxy...","LCMS-Aphid",-0.353373408317566,-0.401845611768124
"2-hydroxybutanoate","LCMS-Aphid",-0.348133563995361,-0.395887018400131
"oscillaxanthin","LCMS-Aphid",-0.344354629516602,-0.391589727767316
"3-methoxytyramine","LCMS-Aphid",0.34340238571167,0.390506864752334
"a 6-hydroxypurine nucleotide","LCMS-Aphid",-0.342058092355728,-0.38897817477935
"2'-hydroxygenistein","LCMS-Aphid",-0.339454621076584,-0.386017585543535
"2-dehydropantolactone","LCMS-Aphid",-0.338154166936874,-0.384538748208728
"4-prenylphlorisovalerophenone","LCMS-Aphid",0.336967885494232,0.383189744631132
"gibberellin A120","LCMS-Aphid",0.334880113601685,0.380815593227416
"xanthine","LCMS-Aphid",-0.334189534187317,-0.380030287087482
"(R)-pantothenate","LCMS-Aphid",0.332469284534454,0.378074070921021
"a vaccenate","LCMS-Aphid",-0.331913024187088,-0.377441508384258
"4-coumaroylshikimate","LCMS-Aphid",-0.330942392349243,-0.376337735051292
"2'-deoxyguanosine","LCMS-Aphid",-0.330457270145416,-0.375786068671789
"pteridine-ring","LCMS-Aphid",0.328918367624283,0.374036075009276
"L-cysteine","LCMS-Aphid",-0.327113896608353,-0.371984084841802
"(6alpha)-hydroxycampestanol","LCMS-Aphid",-0.326974213123322,-0.371825240983789
"a jasmonoyl-L-valine","LCMS-Aphid",-0.3263258934021,-0.371087991295885
"1-aminocyclopropane-1-carbo...","LCMS-Aphid",-0.322616875171661,-0.366870207317839
"5-methyl-tetrahydrofolate","LCMS-Aphid",-0.322391271591187,-0.366613657711447
"O-phospho-L-homoserine","LCMS-Aphid",-0.321474224328995,-0.365570819146287
"melanin","LCMS-Aphid",0.320495575666428,0.364457929321363
"(S)-lactaldehyde","LCMS-Aphid",-0.320347547531128,-0.364289596178041
"betalamate","LCMS-Aphid",-0.319166779518127,-0.36294686230681
"L-arginine","LCMS-Aphid",-0.318767368793488,-0.362492664443553
"5-deoxy-5-amino-3-dehydroqu...","LCMS-Aphid",-0.318130612373352,-0.361768564193863
"(3Z)-2-oxohex-3-enedioate","LCMS-Aphid",-0.31641474366188,-0.359817329902189
"N2-succinyl-L-glutamate 5-s...","LCMS-Aphid",-0.315231412649155,-0.358471681464755
"34-dihydroxyphenylpyruvate","LCMS-Aphid",-0.314203083515167,-0.357302296501938
"a 2-acyl-sn-glycero-3-phosp...","LCMS-Aphid",-0.313591986894608,-0.356607375804573
"adenosine","LCMS-Aphid",-0.309564739465714,-0.352027711153204
"propanoyl phosphate","LCMS-Aphid",0.308180630207062,0.350453743733174
"14-dihydroxy-2-naphthoate","LCMS-Aphid",0.307167321443558,0.349301439483913
"4-hydroxymandelate","LCMS-Aphid",0.306500107049942,0.348542703342845
"nicotine-glucuronide","LCMS-Aphid",-0.30607470870018,-0.348058953133911
"5-Methylcytosine","LCMS-Aphid",-0.304390102624893,-0.346143269771841
"phytosphingosine","LCMS-Aphid",0.302376061677933,0.343852962981891
"indole-3-glyoxylate","LCMS-Aphid",-0.299466520547867,-0.340544320317061
"trans-3'-hydroxycotinine","LCMS-Aphid",0.298529654741287,0.339478944699292
"dZMP","LCMS-Aphid",-0.297068983316422,-0.337817913086551
"tetrahydrofolate","LCMS-Aphid",-0.296771377325058,-0.337479484504065
"L-arginino-succinate","LCMS-Aphid",-0.294712901115417,-0.335138647269844
"tetrahydropteroate","LCMS-Aphid",0.29463067650795,0.335045143919246
"5-hydroxyferulate","LCMS-Aphid",-0.294438242912292,-0.334826314221958
"an 1113-icosadienoate","LCMS-Aphid",-0.292104065418243,-0.332171957779187
"aminoacetone","LCMS-Aphid",-0.291558474302292,-0.331551527971499
"O-acetyl-L-serine","LCMS-Aphid",-0.290058046579361,-0.329845286692321
"thymine","LCMS-Aphid",-0.28938826918602,-0.329083635985051
"4-methylphenol","LCMS-Aphid",-0.286927729845047,-0.326285584650457
"N6-acetyl-L-lysine","LCMS-Aphid",-0.285705894231796,-0.324896149939384
"25-diaminohexanoate","LCMS-Aphid",-0.281602144241333,-0.320229488875914
"umbelliferone","LCMS-Aphid",-0.278657525777817,-0.316880957322482
"tartronate semialdehyde","LCMS-Aphid",-0.275620311498642,-0.313427128592423
"3-deoxy-alpha-D-manno-2-oct...","LCMS-Aphid",0.274127185344696,0.311729190437891
"D-glycerate","LCMS-Aphid",-0.273225635290146,-0.310703974831162
"L-tyrosine-methyl-ester","LCMS-Aphid",-0.273069947957993,-0.310526931879539
"gibberellin A3","LCMS-Aphid",-0.271901369094849,-0.30919805914292
"galactitol 1-phosphate","LCMS-Aphid",-0.270926982164383,-0.308090015631564
"4-methyl-5-nitrocatechol","LCMS-Aphid",0.269131243228912,0.30604795532336
"O-acetylcarnitine","LCMS-Aphid",-0.268716424703598,-0.305576236172586
"a thiopurine","LCMS-Aphid",-0.26850700378418,-0.305338089001634
"1-oleoyl-2-palmitoyl-phosph...","LCMS-Aphid",0.26795557141304,0.304711016694229
"N6N6-dimethyl-L-arginine","LCMS-Aphid",-0.267047047615051,-0.303677870756205
"L-dopachrome","LCMS-Aphid",-0.262112438678741,-0.298066381888696
"4-aminoimidazole","LCMS-Aphid",-0.261306971311569,-0.297150428624239
"2-oxoglutarate","LCMS-Aphid",-0.258837789297104,-0.29434254910129
"heptanal","LCMS-Aphid",-0.258601009845734,-0.294073290630646
"Piceatannol","LCMS-Aphid",0.255048424005508,0.290033396861839
"67-dimethyl-8-(1-D-ribityl)...","LCMS-Aphid",0.254605144262314,0.2895293124701
"GDP","LCMS-Aphid",-0.254577100276947,-0.289497421693401
"12-dihydroxypropane-123-tri...","LCMS-Aphid",-0.253641813993454,-0.288433842261779
"cytidine","LCMS-Aphid",-0.253310233354568,-0.288056778731963
"7-Methylguanosine","LCMS-Aphid",-0.251829117536545,-0.286372498370215
"glycochenodeoxycholate","LCMS-Aphid",-0.250608295202255,-0.284984215929501
"3-phenyllactate","LCMS-Aphid",0.250085681676865,0.284389915546716
"FADH2","LCMS-Aphid",-0.249615281820297,-0.283854990977723
"phenylacetate","LCMS-Aphid",-0.248274281620979,-0.282330045883406
"dialurate","LCMS-Aphid",-0.248249083757401,-0.282301391630803
"UMP","LCMS-Aphid",0.247791111469269,0.281780599318859
"N-acetyl-L-ornithine","LCMS-Aphid",-0.247014090418816,-0.280896994350215
"coumarin","LCMS-Aphid",-0.24658015370369,-0.280403534568992
"3-(4-hydroxyphenyl)lactate","LCMS-Aphid",-0.243163838982582,-0.276518604218313
"genistein","LCMS-Aphid",-0.237584635615349,-0.270174101950984
"alpha-D-cellobiose 6'-phosp...","LCMS-Aphid",-0.233761548995972,-0.265826602831793
"N-acetyl-L-glutamate","LCMS-Aphid",-0.231982007622719,-0.26380296190418
"cytosine","LCMS-Aphid",-0.231459587812424,-0.263208881808376
"porphobilinogen","LCMS-Aphid",-0.231376454234123,-0.263114344803484
"beta-nicotinamide D-ribonuc...","LCMS-Aphid",0.230593651533127,0.262224165115733
"N-succinyl-2-amino-6-ketopi...","LCMS-Aphid",-0.230329945683479,-0.261924286754815
"L-arabinonate","LCMS-Aphid",-0.229567661881447,-0.261057440541833
"(R)-lactic acid","LCMS-Aphid",0.229105412960052,0.260531784971168
"3-dehydroteasterone","LCMS-Aphid",0.229082465171814,0.260505689436568
"juvenile hormone III acid","LCMS-Aphid",0.228741869330406,0.260118374089588
"(2-aminoethyl)phosphonate","LCMS-Aphid",-0.228060632944107,-0.25934369256017
"34-dihydroxyphenylacetaldehyde","LCMS-Aphid",-0.227512463927269,-0.258720331241127
"S-ureidoglycine","LCMS-Aphid",-0.22658896446228,-0.257670155425004
"1-deoxy-L-glycero-tetrulose...","LCMS-Aphid",-0.226481571793556,-0.257548031712107
"3-cyanopyridine","LCMS-Aphid",0.225535750389099,0.256472472057783
"quercetin","LCMS-Aphid",-0.224722370505333,-0.255547520917435
"taurocholate","LCMS-Aphid",-0.223391994833946,-0.254034657716734
"1-guanidino-1-deoxy-scyllo-...","LCMS-Aphid",-0.223374560475349,-0.254014831888499
"linoleate-group","LCMS-Aphid",0.221647754311562,0.252051159855009
"(4-hydroxyphenyl)acetaldehyde","LCMS-Aphid",0.221409484744072,0.251780206869131
"pyruvate","LCMS-Aphid",0.221056863665581,0.251379216784214
"4-coumaroyl-3'4'-dihydroxyp...","LCMS-Aphid",-0.22069776058197,-0.25097085555803
"L-gamma-glutamylcysteine","LCMS-Aphid",-0.220631718635559,-0.25089575464287
"3-amino-1-hydroxyacetone 1-...","LCMS-Aphid",-0.217858895659447,-0.247742583750738
"L-octanoylcarnitine","LCMS-Aphid",0.217354774475098,0.247169312302004
"3-hydroxy-L-kynurenine","LCMS-Aphid",0.215952232480049,0.245574383728533
"4-oxo-4-(3-pyridyl)-butanoate","LCMS-Aphid",-0.215526476502419,-0.245090226835943
"FMN","LCMS-Aphid",-0.214629232883453,-0.244069908378239
"N-dimethylethanolamine phos...","LCMS-Aphid",-0.214451059699059,-0.243867295191738
"vernolate","LCMS-Aphid",-0.214430809020996,-0.243844266729712
"enol-phenylpyruvate","LCMS-Aphid",-0.213916063308716,-0.243258913387362
"decanoate","LCMS-Aphid",0.213569432497025,0.242864735253685
"L-alanyl-gamma-D-glutamyl-m...","LCMS-Aphid",-0.212728321552277,-0.241908249184836
"HAI-1","LCMS-Aphid",0.212498232722282,0.241646599087592
"N-hydroxy-L-valine","LCMS-Aphid",-0.21241806447506,-0.241555434168015
"1-(beta-D ribofuranosyl)nic...","LCMS-Aphid",-0.211897820234299,-0.240963828064453
"biotin","LCMS-Aphid",0.211400404572487,0.240398181934272
"trans-3-Hexenoic acid","LCMS-Aphid",-0.210256829857826,-0.239097743163275
"a neopterin","LCMS-Aphid",0.208745583891869,0.2373791997035
"picolinate","LCMS-Aphid",0.207379966974258,0.235826261217521
"L-tyrosine","LCMS-Aphid",-0.206065446138382,-0.234331427658908
"D-sorbitol 6-phosphate","LCMS-Aphid",-0.204963862895966,-0.233078740327199
"cis-(-)-72'-dihydroxy-4'5'-...","LCMS-Aphid",-0.202362269163132,-0.230120286180578
"2-(4-hydroxyphenyl)-2-oxoac...","LCMS-Aphid",-0.202332779765129,-0.230086751724101
"2-succinylbenzoate","LCMS-Aphid",-0.201757088303566,-0.229432092708691
"riboflavin","LCMS-Aphid",-0.200921162962914,-0.228481503552856
"8-amino-7-oxononanoate","LCMS-Aphid",0.199978783726692,0.227409858228722
"queuine","LCMS-Aphid",-0.199331358075142,-0.226673625249958
"dUMP","LCMS-Aphid",-0.199057295918465,-0.226361970008165
"N-alpha-acetyl-L-methionine","LCMS-Aphid",0.197950229048729,0.225103046860395
"herniarin","LCMS-Aphid",-0.197689071297646,-0.224806066120527
"creatinine","LCMS-Aphid",0.196474134922028,0.223424477014985
"D-carnitine","LCMS-Aphid",-0.196300938725471,-0.223227523509365
"sulfoacetaldehyde","LCMS-Aphid",-0.194948941469193,-0.221690072892623
"nicotinate","LCMS-Aphid",0.194751009345055,0.221464990434123
"3-hydroxy-5-oxohexanoate","LCMS-Aphid",-0.194632768630981,-0.221330530650324
"gamma-L-glutamyl-D-alanine","LCMS-Aphid",-0.194510892033577,-0.221191936249355
"sinapyl alcohol","LCMS-Aphid",0.194345965981483,0.221004387303282
"benzyladenine-9-N-glucoside","LCMS-Aphid",-0.192813530564308,-0.219261747836884
"phenylacetaldehyde","LCMS-Aphid",-0.192462980747223,-0.218863113128142
"L-histidine","LCMS-Aphid",-0.192255079746246,-0.218626694362727
"pyridoxal","LCMS-Aphid",0.190908819437027,0.217095767629635
"UDP-alpha-D-glucuronate","LCMS-Aphid",-0.190012723207474,-0.216076753948661
"(RS)-piperazine-2-tert-buty...","LCMS-Aphid",0.189631640911102,0.215643398622779
"5-hydroxy-L-tryptophan","LCMS-Aphid",0.189210996031761,0.215165053917441
"cyclic-GMP","LCMS-Aphid",-0.188988357782364,-0.214911876396365
"L-alpha-amino-epsilon-keto-...","LCMS-Aphid",-0.188825324177742,-0.21472647948464
"mandelonitrile","LCMS-Aphid",-0.188810244202614,-0.214709330990474
"Nonanoic acid","LCMS-Aphid",-0.188763618469238,-0.21465630960881
"N-acetyl-beta-glucosaminyla...","LCMS-Aphid",-0.187975570559502,-0.213760165227436
"acetone cyanohydrin","LCMS-Aphid",-0.187181934714317,-0.212857666413935
"18-hydroxyoleate","LCMS-Aphid",0.186513528227806,0.21209757466068
"monodehydroascorbate radical","LCMS-Aphid",0.186235457658768,0.211781361172908
"4-coumarate","LCMS-Aphid",-0.185914024710655,-0.211415837291834
"aldehydo-D-ribose","LCMS-Aphid",-0.185822755098343,-0.211312048233766
"N-formylmaleamate","LCMS-Aphid",0.185579523444176,0.211035452512159
"coniferyl alcohol","LCMS-Aphid",0.185433402657509,0.210869288348337
"calycosin","LCMS-Aphid",-0.184611588716507,-0.209934746251766
"L-quinate","LCMS-Aphid",-0.184058368206024,-0.209305640526081
"16-anhydro-N-acetyl-beta-mu...","LCMS-Aphid",-0.18371057510376,-0.208910140670521
"kinetin","LCMS-Aphid",-0.183099985122681,-0.208215796108336
"galacturonate","LCMS-Aphid",0.1825300604105,0.20756769486688
"cyclohexane-1-carboxylate","LCMS-Aphid",-0.180804073810577,-0.205604954816768
"ferulate","LCMS-Aphid",0.180333316326141,0.205069623564119
"heptanoate","LCMS-Aphid",-0.1802708953619,-0.204998640320976
"2-hydroxy-4-methylthiobutan...","LCMS-Aphid",-0.179906845092773,-0.204584653304217
"2-cis-abscisate","LCMS-Aphid",0.179811239242554,0.204475933206819
"1-monomyristoylglycerol","LCMS-Aphid",0.179361864924431,0.203964918247774
"N-methylhydantoin","LCMS-Aphid",-0.179198488593102,-0.203779131597544
"dGTP","LCMS-Aphid",-0.17832987010479,-0.202791364777481
"D-gluconate","LCMS-Aphid",-0.177993506193161,-0.202408861853764
"4-hydroxybenzoate","LCMS-Aphid",-0.177570179104805,-0.201927467021006
"thiosulfate","LCMS-Aphid",-0.177527710795403,-0.201879173336843
"glycolate","LCMS-Aphid",-0.175084173679352,-0.199100456421067
"3-phospho-D-glycerate","LCMS-Aphid",-0.174506410956383,-0.198443442029482
"scoparone","LCMS-Aphid",-0.173973917961121,-0.197837907010698
"adenine","LCMS-Aphid",-0.173960894346237,-0.197823096947554
"368-trimethylallantoin","LCMS-Aphid",0.173768475651741,0.197604284195419
"L-cysteinyl-glycine","LCMS-Aphid",-0.171851769089699,-0.195424663140539
"D-glucosaminate","LCMS-Aphid",0.171337261795998,0.194839580920626
"2-methylbutanal","LCMS-Aphid",0.167278259992599,0.190223806149626
"glycine","LCMS-Aphid",0.167037323117256,0.18994981998148
"ibuprofen","LCMS-Aphid",0.166897013783455,0.189790264427069
"6-[1-hydroxyethyl]-7-methyl...","LCMS-Aphid",-0.166763484477997,-0.189638418916972
"L-dopa","LCMS-Aphid",-0.166750192642212,-0.189623303841086
"26-dihydroxynicotinate","LCMS-Aphid",-0.166655868291855,-0.189516041026789
"(2S)-2-isopropylmalate","LCMS-Aphid",-0.166359096765518,-0.189178561372834
"1-pyrroline-5-carboxylate","LCMS-Aphid",0.166290655732155,0.189100732288147
"25-dihydroxypyridine","LCMS-Aphid",0.166199147701263,0.188996672107642
"3-dehydroquinate","LCMS-Aphid",0.166130751371384,0.188918893858413
"L-arabitol","LCMS-Aphid",-0.166115999221802,-0.188902118157598
"phlorisobutyrophenone","LCMS-Aphid",-0.165708616375923,-0.188438854637841
"78-dihydroneopterin 3'-phos...","LCMS-Aphid",-0.165636852383614,-0.188357246784183
"a serine phosphoethanolamine","LCMS-Aphid",0.165279373526573,0.187950732579604
"imidazole acetaldehyde","LCMS-Aphid",-0.165177866816521,-0.18783530220188
"L-kynurenine","LCMS-Aphid",-0.16340084373951,-0.185814525005012
"allantoate","LCMS-Aphid",-0.163283735513687,-0.185681353052791
"pseudouridine","LCMS-Aphid",-0.163200512528419,-0.185586714376986
"dimethylsulfoniopropanoate","LCMS-Aphid",-0.16258604824543,-0.184887964075193
"4-methyl-2-oxopentanoate","LCMS-Aphid",0.161960065364838,0.184176115170642
"(Z)-propanethial S-oxide","LCMS-Aphid",-0.161559268832207,-0.183720341408218
"taxifolin","LCMS-Aphid",-0.161396875977516,-0.183535673138043
"menadiol","LCMS-Aphid",-0.161338746547699,-0.183469570098774
"S-hydroxymethylglutathione","LCMS-Aphid",-0.16046416759491,-0.182475025217776
"beta-L-sorbofuranose","LCMS-Aphid",-0.159798100590706,-0.181717593853437
"1-(3-aminopropyl)-4-aminobu...","LCMS-Aphid",-0.158288091421127,-0.180000456841307
"N-phenylacetamide","LCMS-Aphid",-0.157924845814705,-0.179587384862773
"2-carboxy-L-threo-pentonate","LCMS-Aphid",-0.157409355044365,-0.179001184262807
"desmethylxanthohumol","LCMS-Aphid",-0.156628638505936,-0.178113376896383
"2-deoxy-D-glucose 6-phosphate","LCMS-Aphid",-0.156547412276268,-0.178021008870991
"secologanin","LCMS-Aphid",-0.156491786241531,-0.177957752617314
"N-acetylputrescine","LCMS-Aphid",0.154893562197685,0.176140300303345
"4-tyrosol","LCMS-Aphid",-0.154438138008118,-0.175622405612451
"(S)-malate","LCMS-Aphid",-0.150716602802277,-0.171390387706441
"phenol","LCMS-Aphid",0.150070711970329,0.170655900078368
"5678-tetrahydrobiopterin","LCMS-Aphid",-0.150066807866096,-0.170651460448455
"2-Phenylglycine","LCMS-Aphid",-0.149284183979034,-0.169761484102533
"diacetyl","LCMS-Aphid",0.148809999227524,0.169222255464846
"preQ0","LCMS-Aphid",0.147802367806435,0.168076407318625
"dehydroascorbate (bicyclic ...","LCMS-Aphid",-0.147582873702049,-0.167826805224692
"(3S5R)-carbapenam","LCMS-Aphid",-0.147522702813148,-0.167758380699553
"2-phosphoglycolate","LCMS-Aphid",-0.146568581461906,-0.166673382595376
"L-xylo-hex-3-ulono-14-lactone","LCMS-Aphid",-0.146192580461502,-0.166245805566442
"2-iminopropanoate","LCMS-Aphid",-0.146098330616951,-0.166138627477907
"dihydrolipoate","LCMS-Aphid",0.145781427621841,0.165778254923143
"p-(beta-aminoethyl)phenoxy-...","LCMS-Aphid",-0.145002171397209,-0.164892108181648
"D-ribulose 5-phosphate","LCMS-Aphid",-0.14438784122467,-0.164193510386226
"4-(2-aminophenyl)-24-dioxob...","LCMS-Aphid",-0.144323870539665,-0.164120764847241
"UDP-3-O-[(3R)-3-hydroxy-13-...","LCMS-Aphid",-0.144128859043121,-0.163899003638599
"5-amino-6-(5-phospho-D-ribo...","LCMS-Aphid",0.14297042787075,0.162581670550722
"245-trihydroxytoluene","LCMS-Aphid",-0.14144991338253,-0.160852587206193
"L-homoserine","LCMS-Aphid",0.141116812825203,0.160473795270838
"sphingosine 1-phosphate","LCMS-Aphid",0.140699371695518,0.159999093773253
"24-dinitrotoluene","LCMS-Aphid",0.1381746083498,0.157128008832085
"DOM-1","LCMS-Aphid",-0.13733696937561,-0.156175470983731
"Zearalenone","LCMS-Aphid",0.137226969003677,0.156050381869175
"a 12-hydroxyjasmonate sulfate","LCMS-Aphid",-0.133788347244263,-0.152140084625446
"glycine betaine","LCMS-Aphid",-0.132975712418556,-0.151215980742716
"(3E5Z)-tetradecadienoate","LCMS-Aphid",0.131960645318031,0.150061676965478
"octanoate","LCMS-Aphid",0.131544962525368,0.149588974995869
"a farnesoate","LCMS-Aphid",0.131299510598183,0.149309854446564
"pyridoxamine","LCMS-Aphid",-0.130602836608887,-0.148517617739324
"L-aspartate-semialdehyde","LCMS-Aphid",0.130547106266022,0.148454242869582
"melatonin","LCMS-Aphid",-0.130425408482552,-0.14831585181044
"gamma-L-glutamyl 5-phosphate","LCMS-Aphid",-0.129150524735451,-0.146866092357045
"(2S)-2-isopropyl-3-oxosucci...","LCMS-Aphid",-0.127599582076073,-0.145102407011443
"2-methylbutanoate","LCMS-Aphid",0.127176180481911,0.144620927452923
"D-glucono-15-lactone","LCMS-Aphid",0.127045124769211,0.144471894838113
"(+)-exo-5-hydroxycamphor","LCMS-Aphid",-0.126176446676254,-0.143484060237441
"octanal","LCMS-Aphid",-0.126145794987679,-0.143449204059082
"4-hydroxybenzaldehyde","LCMS-Aphid",-0.125835031270981,-0.143095812907082
"3-hydroxydecanoate","LCMS-Aphid",-0.125756040215492,-0.14300598665454
"alpha-Lactose","LCMS-Aphid",0.12416173517704,0.141192990915636
"DON-S-cysteinyl-glycine","LCMS-Aphid",0.123958304524422,0.140961655695923
"cis-zeatin riboside","LCMS-Aphid",0.123480781912804,0.140418631344113
"portulacaxanthin II","LCMS-Aphid",0.123378567397594,0.140302396071653
"palmitate","LCMS-Aphid",-0.12326480448246,-0.140173028306131
"L-cystathionine","LCMS-Aphid",-0.122004605829716,-0.138739968300365
"benzyladenine","LCMS-Aphid",0.121306024491787,0.137945562613626
"O-succinyl-L-homoserine","LCMS-Aphid",-0.11934095621109,-0.135710946066834
"4'-phosphopantetheine","LCMS-Aphid",0.119222864508629,0.135576655734558
"2-deoxy-alpha-D-ribose 1-ph...","LCMS-Aphid",0.119220815598965,0.135574325776112
"2-oxo-3-carboxy-45-cyclopro...","LCMS-Aphid",-0.119043909013271,-0.13537315292756
"2'-hydroxypseudobaptigenin","LCMS-Aphid",-0.11869190633297,-0.134972866066465
"(R)-lipoate","LCMS-Aphid",-0.118496187031269,-0.134750299963087
"(S)-2-hydroxymethylglutarate","LCMS-Aphid",0.116565823554993,0.132555148676089
"dTDP","LCMS-Aphid",-0.116185463964939,-0.132122615190095
"dADP","LCMS-Aphid",-0.115488231182098,-0.131329743039643
"N-acetyl-D-muramate","LCMS-Aphid",-0.115417793393135,-0.131249643304543
"beta-D-ribosylnicotinate","LCMS-Aphid",-0.114743031561375,-0.130482324443816
"Benzoic acid","LCMS-Aphid",0.114334419369698,0.130017662948991
"inosine","LCMS-Aphid",0.113146997988224,0.128667363067241
"phloroglucinol","LCMS-Aphid",-0.113126210868359,-0.12864372457973
"linamarin","LCMS-Aphid",-0.113058418035507,-0.12856663260917
"N-hydroxy-L-isoleucine","LCMS-Aphid",-0.111956886947155,-0.127314004585494
"(6E)-8-hydroxygeraniol","LCMS-Aphid",0.111472867429256,0.126763592147264
"N-acetyl-L-glutamate 5-semi...","LCMS-Aphid",-0.110399752855301,-0.125543278529096
"fumarate","LCMS-Aphid",0.110300980508327,0.125430957586826
"dopamine","LCMS-Aphid",0.109107092022896,0.124073303508961
"dimethylthiophosphate","LCMS-Aphid",0.108716502785683,0.123629137175888
"isoliquiritigenin","LCMS-Aphid",-0.108540862798691,-0.123429404665285
"mycaminose","LCMS-Aphid",0.108321741223335,0.123180226200161
"N-hydroxyl-tryptamine","LCMS-Aphid",0.107137270271778,0.121833281458574
"L-nicotianamine","LCMS-Aphid",0.106861047446728,0.121519169169692
"myristate","LCMS-Aphid",-0.106680020689964,-0.121313310986518
"galactarate","LCMS-Aphid",-0.106415703892708,-0.121012737874354
"4-imidazolone","LCMS-Aphid",0.106407165527344,0.121003028302065
"(2R3S)-3-isopropylmalate","LCMS-Aphid",-0.105161756277084,-0.119586786359993
"histidinol","LCMS-Aphid",0.104957662522793,0.119354697081001
"L-lysine","LCMS-Aphid",0.104956366121769,0.119353222852748
"D-gluconate 6-phosphate","LCMS-Aphid",-0.104340344667435,-0.118652701782535
"alpha-maltose","LCMS-Aphid",0.10407916456461,0.118355695624938
"norcotinine","LCMS-Aphid",-0.103215113282204,-0.117373122494066
"N-carbamoylputrescine","LCMS-Aphid",-0.102980069816113,-0.117105838133669
"4-ureido-5-imidazole carbox...","LCMS-Aphid",-0.102771133184433,-0.116868241680167
"cis-zeatin","LCMS-Aphid",0.101595036685467,0.115530820114194
"a 5678-tetrahydropteridine","LCMS-Aphid",0.101450324058533,0.115366257267267
"itaconate","LCMS-Aphid",-0.100849814713001,-0.114683376100638
"2-oxo-4-methylthiobutanoate","LCMS-Aphid",-0.100434310734272,-0.114210877472857
"3-dehydrosphinganine","LCMS-Aphid",0.0999200269579887,0.113626049430229
"D-glucosamine","LCMS-Aphid",0.098080575466156,0.111534280517643
"a phytosphingenine","LCMS-Aphid",0.0974701419472694,0.110840113879557
"pantetheine","LCMS-Aphid",-0.0970269739627838,-0.110336156576461
"coniferaldehyde","LCMS-Aphid",0.0969372391700745,0.110234112869084
"78-dihydropteroate","LCMS-Aphid",0.0966928601264954,0.109956212370747
"agmatine","LCMS-Aphid",-0.0964800491929054,-0.109714210177638
"CMP","LCMS-Aphid",-0.0964360162615776,-0.10966413725248
"4'-methoxyisoflavan-2'47-triol","LCMS-Aphid",0.0952861830592155,0.108356581517502
"(S)-2-formylglutarate","LCMS-Aphid",-0.0936659201979637,-0.106514067323226
"enolaldehyde","LCMS-Aphid",0.0917222425341606,0.104303775542614
"L-methionine-(R)-S-oxide","LCMS-Aphid",-0.0909993425011635,-0.10348171536726
"3-dehydrocarnitine","LCMS-Aphid",-0.0901057124137878,-0.102465506108999
"Isorhamnetin","LCMS-Aphid",0.0895616933703423,0.101846864014881
"5-chloro-5-deoxyribose 1-ph...","LCMS-Aphid",0.0895257890224457,0.101806034670324
"L-citrulline","LCMS-Aphid",-0.0882892981171608,-0.100399934401926
"D-sedoheptulose","LCMS-Aphid",0.087225578725338,0.0991903047023069
"L-dehydro-ascorbate","LCMS-Aphid",-0.0868640244007111,-0.0987791559985636
"5-acetamidovalerate","LCMS-Aphid",-0.0868313759565353,-0.0987420291697919
"N6-dimethylallyladenine","LCMS-Aphid",-0.0857758671045303,-0.0975417362491106
"[(1S)-223-trimethyl-4-oxocy...","LCMS-Aphid",-0.0855522453784943,-0.0972874403479802
"2-iminobutanoate","LCMS-Aphid",-0.0855392590165138,-0.097272672647718
"11-cis-3-hydroxyretinol","LCMS-Aphid",-0.0849656015634537,-0.0966203266456014
"methylmalonate semialdehyde","LCMS-Aphid",0.0835721865296364,0.0950357769779365
"acetoin","LCMS-Aphid",-0.0826781839132309,-0.0940191440908661
"hypoxanthine","LCMS-Aphid",-0.0822033807635307,-0.0934792122293571
"XMP","LCMS-Aphid",-0.081192672252655,-0.0923298649091787
"4-amino-2-methyl-5-pyrimidi...","LCMS-Aphid",0.0800497159361839,0.0910301293620042
"a methyl jasmonate","LCMS-Aphid",0.0797052085399628,0.0906383659125351
"L-saccharopine","LCMS-Aphid",0.0790876224637032,0.0899360656013272
"4-coumaroyl-4'-hydroxypheny...","LCMS-Aphid",-0.0787290334701538,-0.0895282889828991
"(R)-3- (34-dihydroxyphenyl)...","LCMS-Aphid",-0.0786335617303848,-0.0894197213918721
"S-sulfo-L-cysteine","LCMS-Aphid",0.078278660774231,0.0890161386986476
"lipoamide","LCMS-Aphid",-0.0781372040510178,-0.0888552783675067
"4-hydroxy-2-oxohexanoate","LCMS-Aphid",0.0779000893235207,0.0885856386309347
"perillate","LCMS-Aphid",-0.0772672593593597,-0.0878660034288855
"a jasmonoyl-L-isoleucine","LCMS-Aphid",-0.0768506601452827,-0.0873922593324071
"3-phospho-L-serine","LCMS-Aphid",-0.0767264515161514,-0.0872510130150971
"N-Butylbenzenesulfonamide","LCMS-Aphid",-0.0762733146548271,-0.0867357194050869
"acrylamide","LCMS-Aphid",-0.0748598575592041,-0.0851283785075279
"2'-hydroxynicotine","LCMS-Aphid",-0.0736586377024651,-0.0837623874147134
"5'-deoxy-5'-chloroadenosine","LCMS-Aphid",-0.0736586377024651,-0.0837623874147134
"L-Threonic acid","LCMS-Aphid",-0.0735441073775291,-0.0836321469738466
"2-amino-6-acetyl-3789-tetra...","LCMS-Aphid",0.0729704350233078,0.0829797840265776
"caffeate","LCMS-Aphid",0.0726000070571899,0.0825585444846173
"N-(3-aminopropyl)acetamide","LCMS-Aphid",0.0724450498819351,0.0823823318454586
"2'-deoxycytidine","LCMS-Aphid",0.0722446441650391,0.0821544364916702
"L-arabinono-14-lactone","LCMS-Aphid",-0.0718888938426971,-0.0817498879247624
"UDP-N-acetyl-alpha-D-glucos...","LCMS-Aphid",0.0716359838843346,0.0814622863267126
"2-oxopenta-34-dienoate","LCMS-Aphid",0.0712315887212753,0.0810024203099987
"N-acetyl-DL-methionine","LCMS-Aphid",0.07026007771492,0.0798976472130443
"L-methionine","LCMS-Aphid",-0.0686168000102043,-0.0780289612309826
"(4-{4-[2-(gamma-L-glutamyla...","LCMS-Aphid",-0.0680009946227074,-0.0773286858654791
"6-carboxy-5678-tetrahydropt...","LCMS-Aphid",0.0668902993202209,0.0760656365731154
"3-sulfinoalanine","LCMS-Aphid",-0.0630526691675186,-0.0717015989852429
"(R)-3-methylitaconate","LCMS-Aphid",0.0622940957546234,0.0708389721151929
"a retinoate","LCMS-Aphid",-0.0619752407073975,-0.070476379745473
"2-oxovalerate","LCMS-Aphid",0.061473298817873,0.0699055865252691
"(2S4S)-2-methyl-2334-tetrah...","LCMS-Aphid",-0.0603523217141628,-0.0686308450777925
"(-)-maackiain","LCMS-Aphid",-0.0603024177253246,-0.0685740957626139
"7-carboxy-7-deazaguanine","LCMS-Aphid",0.0582521520555019,0.0662425953073315
"S-(2-succinyl)-L-cysteine","LCMS-Aphid",-0.0580880083143711,-0.0660559359817567
"benzene-14-diol","LCMS-Aphid",-0.0580246448516846,-0.0659838809577292
"(R)-adrenaline","LCMS-Aphid",0.057698979973793,0.065613544653391
"harmalol","LCMS-Aphid",-0.0573147721588612,-0.0651766350818064
"succinate","LCMS-Aphid",0.0571579597890377,0.0649983127711817
"5-formamido-1-(5-phospho-D-...","LCMS-Aphid",0.0549872890114784,0.0625298912487235
"glutathione","LCMS-Aphid",-0.0546286329627037,-0.0621220383771099
"PAI-1","LCMS-Aphid",-0.0539844334125519,-0.0613894740238271
"naringenin","LCMS-Aphid",0.0525258108973503,0.0597307723695328
"2'-deoxymugineate","LCMS-Aphid",0.052477914839983,0.0596763064136317
"L-glutamate-5-semialdehyde","LCMS-Aphid",0.0518797598779202,0.058996102581072
"3-methoxy-4-hydroxy-5-all-t...","LCMS-Aphid",0.051728930324316,0.0588245837491109
"(2E)-hexadecenal","LCMS-Aphid",0.0517037995159626,0.0587960057496935
"D-glycero-D-manno-heptose 7...","LCMS-Aphid",-0.0510014928877354,-0.0579973637748702
"alpha-(2-methoxyphenoxy)-be...","LCMS-Aphid",-0.0505979992449284,-0.0575385229398728
"NN-dihydroxy-L-valine","LCMS-Aphid",-0.0504636205732822,-0.0573857115560923
"bisulfite","LCMS-Aphid",0.0498070009052753,0.0566390234183361
"D-erythro-sphinganine","LCMS-Aphid",0.0488345772027969,0.0555332124308011
"N-acetyl-alpha-D-glucosamine","LCMS-Aphid",0.0487272143363953,0.0554111226082087
"S-allyl-L-cysteine","LCMS-Aphid",-0.0486524701118469,-0.0553261257240833
"spermidine","LCMS-Aphid",0.0471963621675968,0.0536702835642461
"glucose-16-bisphosphate","LCMS-Aphid",0.0465598814189434,0.0529464967998741
"4-phospho-hydroxy-L-threonine","LCMS-Aphid",0.0462745055556297,0.0526219759511687
"(+)-trans-isoalliin","LCMS-Aphid",-0.0459014363586903,-0.0521977328809565
"45-secobiotin","LCMS-Aphid",-0.0455840341746807,-0.0518367926635895
"4-coumaraldehyde","LCMS-Aphid",0.0454324595630169,0.0516644265740115
"aminopropylcadaverine","LCMS-Aphid",-0.0453110486268997,-0.0515263617090528
"D-alanyl-D-alanine","LCMS-Aphid",0.0451410263776779,0.0513330175208808
"5-hydroxy-L-lysine","LCMS-Aphid",0.0435694828629494,0.0495459055021723
"a 6-hydroxy-3-isopropenylhe...","LCMS-Aphid",-0.0430021472275257,-0.0489007484809349
"indole-3-ethanol","LCMS-Aphid",-0.0429771207273006,-0.0488722890975839
"a 78-dihydroneopterin","LCMS-Aphid",0.0422443710267544,0.0480390281765349
"34-dihydroxy-5-all-trans-de...","LCMS-Aphid",-0.0421438217163086,-0.0479246865248488
"23-dihydroxybenzoate","LCMS-Aphid",0.0420082323253155,0.047770498347441
"25-dioxopentanoate","LCMS-Aphid",0.0415929667651653,0.0472982708420968
"3-sulfolactaldehyde","LCMS-Aphid",-0.0409346632659435,-0.0465496679021264
"L-canaline","LCMS-Aphid",-0.0402866341173649,-0.0458127486446928
"PAI-1-2","LCMS-Aphid",-0.0400344468653202,-0.0455259688865313
"VAI-1","LCMS-Aphid",0.0398001186549664,0.0452594978934464
"hypoglycin A","LCMS-Aphid",-0.0392378978431225,-0.0446201572957489
"aldehydo-D-glucose","LCMS-Aphid",-0.0385491400957108,-0.0438369227006886
"carbamoyl-phosphate","LCMS-Aphid",-0.037867970764637,-0.0430623174244561
"N-acetylglutamyl-phosphate","LCMS-Aphid",-0.0376893021166325,-0.0428591408116403
"sulfamate","LCMS-Aphid",0.0357693769037724,0.0406758596038549
"gallate","LCMS-Aphid",0.0352197177708149,0.0400508037695779
"a jasmonoyl-L-phenylalanine","LCMS-Aphid",-0.0351930670440197,-0.0400204973646221
"scopoletin","LCMS-Aphid",0.0350935086607933,0.0399072825655666
"glyceryl 1-monostearate","LCMS-Aphid",0.0348538421094418,0.0396347409716567
"1-(3-aminopropyl)-pyrrolinium","LCMS-Aphid",-0.0344785116612911,-0.0392079264745773
"glutamate-1-semialdehyde","LCMS-Aphid",-0.0334026701748371,-0.0379845118935313
"histidinal","LCMS-Aphid",-0.0318170338869095,-0.0361813739969995
"sulfate","LCMS-Aphid",-0.0301494020968676,-0.034284993281586
"laurate","LCMS-Aphid",-0.0282233692705631,-0.0320947666794862
"2-hydroxy-3-carboxy-45-cycl...","LCMS-Aphid",-0.0271790567785501,-0.0309072059226425
"galactinol","LCMS-Aphid",0.0257907677441835,0.0293284853873818
"N-methylethanolamine phosphate","LCMS-Aphid",0.0249059330672026,0.0283222780052872
"a 4'-methoxyisoflavone","LCMS-Aphid",-0.0248974114656448,-0.0283125874962941
"[5-(aminomethyl)furan-3-yl]...","LCMS-Aphid",-0.0243396945297718,-0.0276783685708906
"cis-coumarinic acid-beta-D-...","LCMS-Aphid",-0.0242847893387079,-0.0276159320389587
"citrate","LCMS-Aphid",-0.0232046730816364,-0.0263876563173358
"3-phospho-hydroxypyruvate","LCMS-Aphid",-0.0230458099395037,-0.0262070019301206
"alpha-iminosuccinate","LCMS-Aphid",0.0211729947477579,0.0240772928214506
"a 7-deazapurine","LCMS-Aphid",0.0210296027362347,0.0239142317386499
"stearate","LCMS-Aphid",-0.0207796711474657,-0.0236300170529235
"iridotrial","LCMS-Aphid",0.0197231099009514,0.0224285273808583
"4-benzosemiquinone","LCMS-Aphid",-0.0193431470543146,-0.0219964450595459
"purine-ring","LCMS-Aphid",-0.0183163192123175,-0.0208287673208264
"DON-Hexitol","LCMS-Aphid",-0.0176264774054289,-0.0200442999659335
"anthranilate","LCMS-Aphid",-0.0176043044775724,-0.0200190855792551
"beta-alanine betaine","LCMS-Aphid",0.0167736224830151,0.0190744589988994
"dethiobiotin","LCMS-Aphid",0.016258355230093,0.0184885125762176
"(2S)-naringenin","LCMS-Aphid",0.0143769402056932,0.0163490239965047
"histamine","LCMS-Aphid",-0.0138491513207555,-0.0157488383504992
"cystine","LCMS-Aphid",0.0134362503886223,0.0152792998290166
"an imidazolidine","LCMS-Aphid",0.0133995581418276,0.0152375745095293
"pinoresinol","LCMS-Aphid",0.0131825339049101,0.0149907810745965
"nt-pentose-ring","LCMS-Aphid",0.0128201888874173,0.0145787332187073
"alpha-D-quinovopyranose","LCMS-Aphid",0.0105812698602676,0.0120327018394708
"2-hydroxyhexadecanoate","LCMS-Aphid",0.00995893497020006,0.0113250013200274
"(1S2R)-1-C-(indol-3-yl)glyc...","LCMS-Aphid",0.00818435661494732,0.00930700418721492
"pyridoxine","LCMS-Aphid",0.00733392126858234,0.00833991468929165
"rosmarinate","LCMS-Aphid",-0.0069927298463881,-0.0079519220657537
"a methylhexadecanoic acid","LCMS-Aphid",-0.00661508645862341,-0.00752247736330989
"dihydroxyacetone","LCMS-Aphid",0.00600703340023756,0.00683101771330998
"adenylo-succinate","LCMS-Aphid",0.00578402820974588,0.00657742291785763
"56-dihydroxyindole","LCMS-Aphid",-0.00540873827412724,-0.00615065449041115
"(2S)-2-amino-3-oxo-4-phosph...","LCMS-Aphid",0.00504634482786059,0.00573855156277684
"N2-formyl-N1-(5-phospho-bet...","LCMS-Aphid",0.00501410057768226,0.00570188437126232
"formononetin","LCMS-Aphid",-0.00478675356134772,-0.0054433521820476
"3-Methylhistidine","LCMS-Aphid",-0.00471869576722383,-0.0053659589054977
"alpha-D-galactose","LCMS-Aphid",-0.00467345770448446,-0.0053145155411448
"L-aspartate","LCMS-Aphid",-0.00444136513397098,-0.00505058685044656
"(S)-45-dihydroxypentan-23-d...","LCMS-Aphid",-0.00415978021919727,-0.00473037695440304
"linoleate","LCMS-Aphid",-0.00383089343085885,-0.00435637679040785
"AAI-1","LCMS-Aphid",-0.00357941398397088,-0.00407040192698239
"(2Z)-2-hydroxypenta-24-dien...","LCMS-Aphid",0.00343182450160384,0.00390256760658264
"dihydrolipoamide","LCMS-Aphid",0.00198254245333374,0.00225448765035603
"2-hydroxy-2-methylbutyronit...","LCMS-Aphid",-0.00182027206756175,-0.00206995864815167
"2-C-methyl-D-erythritol 4-p...","LCMS-Aphid",0.00178629229776561,0.00203131787592583
"O-phosphoethanolamine","LCMS-Aphid",-0.00157040194608271,-0.00178581386117867
"(2R4S)-2-methyl-24-dihydrox...","LCMS-Aphid",-0.00100292847491801,-0.00114050009728212
"D-sedoheptulose 17-bisphosp...","LCMS-Aphid",-0.000715312373358756,-0.000813431717021955
"ophthalmate","LCMS-BuchHam",-0.82394403219223,-0.997005338907846
"L-asparagine","LCMS-BuchHam",-0.789760887622833,-0.95564236241335
"norophthalmate","LCMS-BuchHam",-0.737984299659729,-0.892990613492614
"guanine","LCMS-BuchHam",-0.718124389648438,-0.868959325519322
"S-methyl-5'-thioadenosine","LCMS-BuchHam",-0.699418127536774,-0.846323997793582
"gamma-L-glutamyl-D-alanine","LCMS-BuchHam",-0.690083920955658,-0.835029233304445
"S-acetyldihydrolipoamide","LCMS-BuchHam",-0.686754167079926,-0.831000097511664
"palmitoleate","LCMS-BuchHam",-0.559236705303192,-0.676698852247327
"allantoin","LCMS-BuchHam",-0.543955624103546,-0.658208130857191
"(S)-2345-tetrahydrodipicoli...","LCMS-BuchHam",-0.519697904586792,-0.628855316924448
"L-valine","LCMS-BuchHam",-0.518182814121246,-0.627021996669602
"methyl-D-glucoside","LCMS-BuchHam",0.51246452331543,0.62010263535369
"shikimate 3-phosphate","LCMS-BuchHam",-0.507657587528229,-0.61428605017754
"L-methionine","LCMS-BuchHam",0.506815135478973,0.61326664939537
"tuberonic acid glucoside","LCMS-BuchHam",-0.505138337612152,-0.611237656696628
"gamma-L-glutamyl-(S)-2-amin...","LCMS-BuchHam",-0.47071847319603,-0.56958823968944
"dethiobiotin","LCMS-BuchHam",-0.465644955635071,-0.563449079870708
"2-hydroxypentanoate","LCMS-BuchHam",0.405888974666595,0.491141945248066
"(7R8S)-diaminononanoate","LCMS-BuchHam",-0.405715674161911,-0.490932244683883
"5-aminolevulinate","LCMS-BuchHam",0.398906260728836,0.482692581208752
"L-arabitol","LCMS-BuchHam",-0.375865757465363,-0.4548126477821
"melanin","LCMS-BuchHam",-0.356555193662643,-0.431446090763164
"maackiain","LCMS-BuchHam",-0.353349030017853,-0.427566504108761
"xanthine","LCMS-BuchHam",-0.345430761575699,-0.417985081580912
"propanoyl phosphate","LCMS-BuchHam",0.312127709388733,0.377687052182011
"an icosadienoate","LCMS-BuchHam",-0.302352339029312,-0.365858461819856
"L-arginino-succinate","LCMS-BuchHam",-0.301956176757812,-0.365379089575715
"tetrahydrofolate","LCMS-BuchHam",-0.297520846128464,-0.360012161550862
"4-methylphenol","LCMS-BuchHam",-0.293663948774338,-0.355345160998104
"3-(4-hydroxyphenyl)lactate","LCMS-BuchHam",0.284234523773193,0.343935178400186
"phosphate","LCMS-BuchHam",0.266037553548813,0.321916114292902
"GDP","LCMS-BuchHam",-0.265864580869675,-0.321706810410784
"a hexosamine","LCMS-BuchHam",0.264553278684616,0.320120082152134
"(7R8S)-8-amino-7-(carboxyam...","LCMS-BuchHam",-0.263060122728348,-0.318313303533615
"67-dimethyl-8-(1-D-ribityl)...","LCMS-BuchHam",0.254749834537506,0.308257521380442
"L-histidine","LCMS-BuchHam",0.246626138687134,0.298427523446074
"IMP","LCMS-BuchHam",-0.239332348108292,-0.289601744189401
"caffeate","LCMS-BuchHam",0.238431707024574,0.288511932340753
"LL-diaminopimelate","LCMS-BuchHam",-0.237459018826485,-0.287334940592894
"1-deoxy-L-glycero-tetrulose...","LCMS-BuchHam",-0.229349657893181,-0.277522288483353
"a linoleate group","LCMS-BuchHam",0.228204295039177,0.276136353473435
"gamma-L-glutamyl-L-cysteine","LCMS-BuchHam",-0.220615208148956,-0.266953253831516
"porphobilinogen","LCMS-BuchHam",-0.216379925608635,-0.261828392021123
"(8S)-8-amino-7-oxononanoate","LCMS-BuchHam",0.214831694960594,0.25995497081574
"L-proline","LCMS-BuchHam",-0.211148709058762,-0.255498410098285
"indole-3-lactate","LCMS-BuchHam",0.210053727030754,0.254173437909304
"1-pyrroline-5-carboxylate","LCMS-BuchHam",0.207174733281136,0.250689739955433
"N-acetyl-D-muramate","LCMS-BuchHam",-0.205248236656189,-0.248358601740439
"riboflavin","LCMS-BuchHam",-0.197657600045204,-0.239173626874215
"methionine S-oxide","LCMS-BuchHam",-0.180630221962929,-0.218569816187629
"mandelonitrile","LCMS-BuchHam",-0.179101780056953,-0.216720340154149
"368-trimethylallantoin","LCMS-BuchHam",0.1781335324049,0.215548721645166
"a serine phosphoethanolamine","LCMS-BuchHam",0.171396508812904,0.207396652782314
"2-oxoglutarate","LCMS-BuchHam",-0.161273971199989,-0.195147976113681
"menadiol","LCMS-BuchHam",-0.15950420498848,-0.193006487987602
"beta-D-glucopyranose","LCMS-BuchHam",-0.15797033905983,-0.191150448669052
"dUMP","LCMS-BuchHam",-0.153556123375893,-0.185809070575365
"L-glutamine","LCMS-BuchHam",-0.151483237743378,-0.183300795787496
"alpha-D-ribose-1-phosphate","LCMS-BuchHam",-0.147207871079445,-0.178127430579196
"a 5678-tetrahydropteridine","LCMS-BuchHam",0.139548227190971,0.16885895413836
"L-tyrosine","LCMS-BuchHam",0.13531082868576,0.16373153192555
"a farnesoate","LCMS-BuchHam",0.12918309867382,0.156316732741878
"a 78-dihydroneopterin","LCMS-BuchHam",0.128023400902748,0.154913451907132
"dTDP","LCMS-BuchHam",-0.117275387048721,-0.141907923890127
"4-hydroxy-4-methyl-2-oxoglu...","LCMS-BuchHam",0.116586647927761,0.141074521918776
"2-iminoacetate","LCMS-BuchHam",-0.115513548254967,-0.139776028257611
"O-acetyl-L-serine","LCMS-BuchHam",-0.0960660949349403,-0.116243829430174
"L-aspartate","LCMS-BuchHam",-0.0872112959623337,-0.105529167383099
"2-hydroxyhexadecanoate","LCMS-BuchHam",-0.079562209546566,-0.0962734659078451
"a jasmonoyl-L-isoleucine","LCMS-BuchHam",-0.0793064013123512,-0.0959639276803879
"XMP","LCMS-BuchHam",-0.0775182694196701,-0.0938002163431857
"3-hydroxy-3-methyl-2-oxopen...","LCMS-BuchHam",0.0732224732637405,0.0886021306298561
"a methyl jasmonate","LCMS-BuchHam",0.0727604106068611,0.088043016275216
"D-alanyl-D-alanine","LCMS-BuchHam",0.061899472028017,0.0749008448101869
"a neopterin","LCMS-BuchHam",-0.0600824058055878,-0.0727021217730275
"pseudouridine","LCMS-BuchHam",-0.0543855093419552,-0.0658086484695862
"3-phenyllactate","LCMS-BuchHam",-0.0538500212132931,-0.0651606863479632
"beta-D-ribofuranose","LCMS-BuchHam",-0.0515615195035934,-0.0623915074553148
"3-sulfolactaldehyde","LCMS-BuchHam",-0.0457718260586262,-0.0553857460810697
"(5R)-6-hydroxy-5-isopropeny...","LCMS-BuchHam",-0.045708853751421,-0.0553095470626487
"D-gluconate","LCMS-BuchHam",-0.0427601337432861,-0.0517414775382748
"D-erythrose","LCMS-BuchHam",-0.0381801202893257,-0.0461994774903844
"beta-D-fructose 16-bisphosp...","LCMS-BuchHam",0.0316484235227108,0.0382958623247819
"3-phosphooxypyruvate","LCMS-BuchHam",-0.0242862273007631,-0.0293873094952415
"N-acetyl-beta-D-glucosamine","LCMS-BuchHam",-0.0239558443427086,-0.0289875328596998
"preQ1","LCMS-BuchHam",-0.0233742408454418,-0.0282837692917307
"an trans-hinokiresinol","LCMS-BuchHam",0.0213739462196827,0.0258633325346801
"D-glucono-15-lactone","LCMS-BuchHam",0.0190752036869526,0.0230817618352618
"(R)-pantothenate","LCMS-BuchHam",0.0188132505863905,0.0227647880729676
"a 7-isopropyl-4-methyloxepa...","LCMS-BuchHam",0.0186802521348,0.0226038546101091
"UDP-N-acetyl-alpha-D-glucos...","LCMS-BuchHam",-0.0178390368819237,-0.0215859504011826
"purine-ring","LCMS-BuchHam",-0.0166370198130608,-0.0201314615180893
"pinoresinol","LCMS-BuchHam",0.0163529887795448,0.0197877725710652
"nt-pentose-ring","LCMS-BuchHam",0.0140915289521217,0.0170513154410008
"2-hydroxybutanoate","LCMS-BuchHam",-0.00963392294943333,-0.0116574333206299
"2-C-methyl-D-erythritol 4-p...","LCMS-BuchHam",0.00724790012463927,0.00877024996577716
"2-hydroxy-2-methylbutanenit...","LCMS-BuchHam",0.00630787760019302,0.00763278499370502
"D-quinovitol","LCMS-BuchHam",0.00612710136920214,0.00741403850073509
"a biopterin","LCMS-BuchHam",-0.00156897038687021,-0.00189851712152817
"(2S)-2-isopropylmalate","LCMS-Ham",0.268076807260513,0.368451866159109
"(2S)-2-isopropyl-3-oxosucci...","LCMS-Ham",-0.114513598382473,-0.15739052346895
"N-acetyl-L-citrulline","LCMS-Buch",-0.760346710681915,-1
"a 1-acyl-sn-glycero-3-phosp...","LCMS-Buch",-0.435663372278214,-0.572979886882775
"a tetradecenoate(n-C14:1)","LCMS-Buch",-0.43029922246933,-0.565925013450005
"an trans-hinokiresinol","LCMS-Buch",0.3914515376091,0.514832946746134
"indole","LCMS-Buch",0.348274618387222,0.458047116525135
"6-O-methyl-beta-D-galacturo...","LCMS-Buch",0.310147017240524,0.407902096350716
"L-cysteine","LCMS-Buch",-0.293546736240387,-0.386069581306034
"guanosine","LCMS-Buch",-0.260977685451508,-0.343235108122517
"anthranilate","LCMS-Buch",-0.221034288406372,-0.290701972272804
"L-alanyl-gamma-D-glutamyl-m...","LCMS-Buch",-0.210969254374504,-0.277464545332611
"16-anhydro-N-acetyl-beta-mu...","LCMS-Buch",-0.205100566148758,-0.269746108278438
"N-succinyl-LL-26-diaminopim...","LCMS-Buch",-0.202012792229652,-0.265685100483275
"2-oxo-3-phenylpropanoate","LCMS-Buch",0.189642235636711,0.249415474509821
"a heptitol","LCMS-Buch",-0.162021055817604,-0.213088389206413
"queuine","LCMS-Buch",-0.160720065236092,-0.211377340071545
"N-acetyl-L-methionine","LCMS-Buch",0.156789287924767,0.206207623077833
"histidinol","LCMS-Buch",-0.126401767134666,-0.166242275213242
"3-ethylmalate","LCMS-Buch",0.124350354075432,0.163544278325224
"preQ0","LCMS-Buch",0.114859312772751,0.151061760587798
"a hexaric acid","LCMS-Buch",-0.109511084854603,-0.144027827458329
"pipecolate","LCMS-Buch",-0.0992778912186623,-0.130569238774802
"5-chloro-5-deoxyribose 1-ph...","LCMS-Buch",0.0970770418643951,0.127674704842652
"67-dihydrobiopterin","LCMS-Buch",0.0949539616703987,0.124882452092466
"78-dihydropteroate","LCMS-Buch",0.0908030346035957,0.11942319645489
"perillate","LCMS-Buch",-0.06193982437253,-0.0814626058117347
"5'-deoxy-5'-chloroadenosine","LCMS-Buch",-0.0583865642547607,-0.0767893954619688
"L-alpha-amino-epsilon-keto-...","LCMS-Buch",-0.0518814362585545,-0.0682339195128821
"N-acetylglutamyl-phosphate","LCMS-Buch",-0.0453984402120113,-0.0597075512713086
"510-methylene-tetrahydromet...","LCMS-Buch",-0.0376877821981907,-0.0495665749173696
"N-acetyl-DL-methionine","LCMS-Buch",0.0318453498184681,0.0418826692758461
"4-hydroxy-L-lysine","LCMS-Buch",0.0301669184118509,0.0396752139360158
"L-tyrosine","LCMS-Buch",-0.0260559897869825,-0.034268563828749
"a jasmonoyl-L-phenylalanine","LCMS-Buch",-0.0230431277304888,-0.0303060793277091
"D-glucosaminate","LCMS-Buch",0.0229974221438169,0.030245967820643
"cystine","LCMS-Buch",9.25633430597372e-05,0.000121738335629442
"(Z)-phenylacetaldehyde oxime","LCMS-Honeydew",-0.446318358182907,-0.494666989046677
"(R)-methylmalonate-semialde...","LCMS-Honeydew",-0.389171630144119,-0.431329688721621
"S-methyl-5-thio-D-ribose","LCMS-Honeydew",-0.382489264011383,-0.42392343739007
"4-(2-aminophenyl)-24-dioxob...","LCMS-Honeydew",-0.360006779432297,-0.399005477487405
"benzyladenine-9-N-glucoside","LCMS-Honeydew",-0.34299972653389,-0.38015609005897
"Indole-3-acrylic acid","LCMS-Honeydew",0.318451672792435,0.352948802685267
"shikimate","LCMS-Honeydew",0.310689270496368,0.344345517381931
"L-tryptophan","LCMS-Honeydew",0.309308499097824,0.342815170225564
"2'-hydroxygenistein","LCMS-Honeydew",-0.30417388677597,-0.337124337279516
"(-)-sophorol","LCMS-Honeydew",-0.283679127693176,-0.314409428558311
"cis-zeatin riboside","LCMS-Honeydew",0.270978718996048,0.300333214092367
"4-maleyl-acetoacetate","LCMS-Honeydew",-0.266278952360153,-0.295124332655212
"maltopentaose","LCMS-Honeydew",0.262780398130417,0.291246788173542
"inosine","LCMS-Honeydew",0.257231384515762,0.285096662805373
"3-deoxy-beta-D-manno-2-octu...","LCMS-Honeydew",0.253146201372147,0.280568941262428
"N-acetylneuraminate","LCMS-Honeydew",0.252532809972763,0.279889102597769
"Nivalenol","LCMS-Honeydew",-0.252129465341568,-0.279442064579719
"L-tyrosine","LCMS-Honeydew",0.25209042429924,0.279398794311975
"O-acetyl-L-serine","LCMS-Honeydew",-0.251747220754623,-0.279018412324693
"dehydrodiconiferyl acid","LCMS-Honeydew",0.246182516217232,0.27285089627258
"beta-D-ribofuranose","LCMS-Honeydew",0.245768710970879,0.272392264465234
"4-coumarate","LCMS-Honeydew",0.244917958974838,0.271449352481913
"beta-D-galactosyl-14-N-acet...","LCMS-Honeydew",0.24461904168129,0.271118054172393
"LL-diaminopimelate","LCMS-Honeydew",0.243800118565559,0.270210419018042
"2-thiouridine","LCMS-Honeydew",-0.242711201310158,-0.269003541886115
"beta-D-ribosylnicotinate","LCMS-Honeydew",0.240217044949532,0.266239199361318
"5-hydroxy-L-tryptophan","LCMS-Honeydew",0.239722281694412,0.265690839552196
"L-methionine","LCMS-Honeydew",0.236682265996933,0.262321506016714
"dihydrolipoate","LCMS-Honeydew",0.236652046442032,0.262288012847636
"L-phenylalanine","LCMS-Honeydew",0.236557990312576,0.262183767836186
"L-fuculose","LCMS-Honeydew",0.236331805586815,0.261933081044551
"trans-cinnamate","LCMS-Honeydew",0.233971416950226,0.259316996990569
"dCMP","LCMS-Honeydew",0.232231304049492,0.257388381701896
"thymine","LCMS-Honeydew",0.231659412384033,0.256754538340925
"coumarin","LCMS-Honeydew",0.230884209275246,0.2558953592803
"Prolylleucine","LCMS-Honeydew",0.230120524764061,0.255048946600196
"picolinate","LCMS-Honeydew",-0.228386372327805,-0.253126937459269
"dimethylsulfoniopropanoate","LCMS-Honeydew",0.227367326617241,0.251997500894307
"Prunin","LCMS-Honeydew",-0.225590080022812,-0.250027729305169
"D-ribulose","LCMS-Honeydew",0.222714841365814,0.246841022724157
"L-quinate","LCMS-Honeydew",0.222175925970078,0.246243727875598
"an imidazolidine","LCMS-Honeydew",-0.221979066729546,-0.246025543330879
"O-phosphoethanolamine","LCMS-Honeydew",-0.214923515915871,-0.238205681088878
"protocatechuate","LCMS-Honeydew",-0.213980779051781,-0.237160819730449
"rosmarinate","LCMS-Honeydew",-0.212121739983559,-0.23510039527885
"UDP-D-glucose","LCMS-Honeydew",0.210259154438972,0.233036040169342
"glycerol 1-phosphate","LCMS-Honeydew",-0.209138780832291,-0.231794299092679
"maltotetraose","LCMS-Honeydew",0.209103494882584,0.231755190698015
"nornicotine","LCMS-Honeydew",-0.208110168576241,-0.230654259660583
"alpha-Lactose","LCMS-Honeydew",0.207240581512451,0.229690472250381
"glutathione","LCMS-Honeydew",0.204374626278877,0.226514054744486
"2'-deoxyguanosine","LCMS-Honeydew",0.204279735684395,0.226408884872351
"(R)-pantothenate","LCMS-Honeydew",0.203987374901772,0.226084853325353
"ATP","LCMS-Honeydew",0.203982383012772,0.226079320676615
"phosphate","LCMS-Honeydew",-0.201842218637466,-0.223707317266521
"D-sedoheptulose-17-bisphosp...","LCMS-Honeydew",-0.198434442281723,-0.21993038441504
"2'-deoxycytidine","LCMS-Honeydew",0.19806432723999,0.219520175670681
"4-hydroxybenzoate","LCMS-Honeydew",0.196319684386253,0.217586539709719
"4-hydroxy-2-keto-5-methyl-6...","LCMS-Honeydew",0.195652663707733,0.216847262230705
"D-(+)-Glucose","LCMS-Honeydew",0.195245712995529,0.216396227493268
"GMP","LCMS-Honeydew",-0.193971544504166,-0.214984031289358
"2-oxoadipate","LCMS-Honeydew",0.193894326686859,0.214898448645294
"1-aminocyclopropane-1-carbo...","LCMS-Honeydew",-0.193862631917,-0.214863320454648
"3-sulfolactaldehyde","LCMS-Honeydew",0.192594081163406,0.213457350544991
"D-Raffinose","LCMS-Honeydew",0.191713988780975,0.212481919799384
"galactinol","LCMS-Honeydew",0.190641134977341,0.211292846235635
"ferulate","LCMS-Honeydew",-0.189010947942734,-0.209486064826788
"2-amino-4-oxopentanoate","LCMS-Honeydew",-0.188886135816574,-0.209347732092963
"78-dihydroneopterin","LCMS-Honeydew",0.187829479575157,0.208176610735717
"L-dehydro-ascorbate","LCMS-Honeydew",-0.186351433396339,-0.206538451248116
"(2Z)-2-aminobut-2-enoate","LCMS-Honeydew",0.185937941074371,0.206080166263526
"N4-(beta-N-acetyl-D-glucosa...","LCMS-Honeydew",0.185764342546463,0.205887762210391
"(+)-bornane-25-dione","LCMS-Honeydew",0.185547098517418,0.205646984640376
"tuberonic acid","LCMS-Honeydew",-0.185105010867119,-0.20515700666197
"maltotriose","LCMS-Honeydew",0.184587463736534,0.204583394853084
"sinapaldehyde","LCMS-Honeydew",0.183473244309425,0.20334847462397
"secologanin","LCMS-Honeydew",0.183063700795174,0.202894566212263
"2-hydroxy-4-methylthiobutan...","LCMS-Honeydew",0.181718856096268,0.201404037611442
"2-oxo-3-hydroxy-4-phosphobu...","LCMS-Honeydew",-0.179228395223618,-0.198643790898248
"pyrogallol","LCMS-Honeydew",0.177564412355423,0.196799552631675
"N-hydroxy-L-valine","LCMS-Honeydew",-0.173464626073837,-0.192255646026749
"16-anhydro-N-acetyl-beta-mu...","LCMS-Honeydew",0.17329029738903,0.192062432720514
"7-deoxyloganetate","LCMS-Honeydew",-0.173036023974419,-0.19178061445762
"myristate","LCMS-Honeydew",-0.171933531761169,-0.190558691824199
"dGDP","LCMS-Honeydew",0.17109140753746,0.189625342239742
"cytosine","LCMS-Honeydew",-0.170520454645157,-0.188992539347042
"pentane-1345-tetracarboxylate","LCMS-Honeydew",0.170350804924965,0.188804511866788
"a tetradecenoate(n-C14:1)","LCMS-Honeydew",-0.168403714895248,-0.186646498097595
"UTP","LCMS-Honeydew",0.167500019073486,0.18564490700691
"D-glutamate","LCMS-Honeydew",0.167173027992249,0.185282493741501
"56-dihydrouracil","LCMS-Honeydew",-0.167163506150246,-0.185271940420475
"L-pipecolate","LCMS-Honeydew",0.166901409626007,0.184981451588663
"(2R3S)-3-isopropylmalate","LCMS-Honeydew",0.16646845638752,0.184501597531679
"Hexanoic acid","LCMS-Honeydew",-0.165993317961693,-0.183974988464014
"(2S)-naringenin","LCMS-Honeydew",-0.165964245796204,-0.183942766978378
"L-methionine sulfoxide","LCMS-Honeydew",0.165621533989906,0.183562929998286
"propanoyl phosphate","LCMS-Honeydew",0.165606021881104,0.183545737498774
"(4-{4-[2-(gamma-L-glutamyla...","LCMS-Honeydew",0.16531902551651,0.183227651484748
"indole","LCMS-Honeydew",-0.164339825510979,-0.182142377017476
"urocanate","LCMS-Honeydew",-0.163195714354515,-0.18087432695741
"alphaomega-9Z-octadecenedioate","LCMS-Honeydew",-0.162556886672974,-0.180166296557239
"D-mannonate","LCMS-Honeydew",0.161839663982391,0.179371378798824
"tryptamine","LCMS-Honeydew",0.161535114049911,0.179033837679683
"keto-D-fructose","LCMS-Honeydew",0.160527557134628,0.177917134464504
"diphosphate","LCMS-Honeydew",-0.160436302423477,-0.177815994342495
"trans-5-O-(4-coumaroyl)-D-q...","LCMS-Honeydew",-0.160399928689003,-0.177775680325868
"gallate","LCMS-Honeydew",-0.160192400217056,-0.177545670776681
"3-(methylthio)propanoate","LCMS-Honeydew",0.155499771237373,0.172344700201454
"L-nicotianamine","LCMS-Honeydew",0.154946729540825,0.171731748782735
"xanthohumol","LCMS-Honeydew",0.153790310025215,0.17045005702757
"(4-hydroxyphenyl)acetaldehyde","LCMS-Honeydew",0.153261169791222,0.169863596261317
"L-citrulline","LCMS-Honeydew",0.153251096606255,0.169852431871624
"(1R6R)-6-hydroxy-2-succinyl...","LCMS-Honeydew",-0.152905151247978,-0.169469011056379
"DIMBOA-beta-D-glucoside","LCMS-Honeydew",-0.152226313948631,-0.168716636889456
"D-aspartate","LCMS-Honeydew",0.151951268315315,0.168411796201663
"Palmitoleic acid","LCMS-Honeydew",-0.151687145233154,-0.168119061279617
"(R)-mevalonate","LCMS-Honeydew",0.151498839259148,0.167910356556915
"scoparone","LCMS-Honeydew",-0.150738447904587,-0.167067593773441
"glutarate semialdehyde","LCMS-Honeydew",-0.150232568383217,-0.166506913498771
"26-dihydroxynicotinate","LCMS-Honeydew",-0.149979457259178,-0.166226383434688
"L-threonine","LCMS-Honeydew",0.148278772830963,0.164341467813362
"citrate","LCMS-Honeydew",0.146801248192787,0.162703886363689
"bacillosamine","LCMS-Honeydew",-0.146516710519791,-0.162388525385609
"anthranilate","LCMS-Honeydew",-0.146461114287376,-0.162326906542498
"QJ4375000","LCMS-Honeydew",-0.146385237574577,-0.162242810281676
"N2-succinylglutamate","LCMS-Honeydew",0.145943179726601,0.161752865334008
"25-diamino-6-(5-phospho-D-r...","LCMS-Honeydew",0.145176753401756,0.160903413825941
"N-formylkynurenine","LCMS-Honeydew",0.143758714199066,0.159331761730784
"guanine","LCMS-Honeydew",-0.14319235086441,-0.15870404557185
"L-leucine","LCMS-Honeydew",0.142521396279335,0.157960408035322
"xanthosine","LCMS-Honeydew",0.142314553260803,0.157731158193126
"tartronate semialdehyde","LCMS-Honeydew",-0.141645476222038,-0.156989601593139
"mycaminose","LCMS-Honeydew",0.141155421733856,0.156446460640737
"porphobilinogen","LCMS-Honeydew",0.140959396958351,0.156229200956702
"2'-hydroxynicotine","LCMS-Honeydew",0.140817478299141,0.156071908578843
"23-diphospho-D-glycerate","LCMS-Honeydew",-0.139920219779015,-0.155077452127725
"kinetin-7-N-glucoside","LCMS-Honeydew",-0.138610780239105,-0.153626164044521
"succinate","LCMS-Honeydew",0.137595862150192,0.152501302236875
"(R)-23-dihydroxy-3-methylpe...","LCMS-Honeydew",0.136670291423798,0.151475466583958
"trans-zeatin-9-N-glucoside","LCMS-Honeydew",0.135408148169518,0.150076598283128
"2'-deoxyinosine","LCMS-Honeydew",0.1350227445364,0.149649444769797
"5-acetamidovalerate","LCMS-Honeydew",-0.134936362504959,-0.149553705173572
"(R)-3-(4-hydroxyphenyl)lactate","LCMS-Honeydew",0.133785724639893,0.148278421381722
"4-hydroxy-2-oxoglutarate","LCMS-Honeydew",-0.133634224534035,-0.148110509621359
"palmitate","LCMS-Honeydew",-0.133493840694427,-0.147954918326544
"2-cis-abscisate","LCMS-Honeydew",0.133446022868156,0.147901920506242
"L-alpha-(methylenecycloprop...","LCMS-Honeydew",0.132951244711876,0.147353544181751
"(2S)-2-isopropylmalate","LCMS-Honeydew",-0.132634177803993,-0.147002130152341
"indole-3-glycol","LCMS-Honeydew",0.131888151168823,0.146175288184938
"a jasmonate","LCMS-Honeydew",-0.13032291829586,-0.144440497271166
"5-dehydro-4-deoxy-D-glucarate","LCMS-Honeydew",0.130169659852982,0.144270636697217
"D-alanyl-D-alanine","LCMS-Honeydew",0.129506409168243,0.143535537606652
"riboflavin","LCMS-Honeydew",0.12950012087822,0.143528568120779
"perillate","LCMS-Honeydew",0.129144057631493,0.143133933369733
"D-mannitol","LCMS-Honeydew",0.128944918513298,0.142913221973501
"2-hydroxyhexadecanoate","LCMS-Honeydew",-0.128650322556496,-0.142586713121098
"4-coumaryl alcohol","LCMS-Honeydew",0.127616047859192,0.141440397848642
"harmaline","LCMS-Honeydew",0.12672746181488,0.140455553342496
"L-arginino-succinate","LCMS-Honeydew",0.124866798520088,0.138393328715636
"25-diaminohexanoate","LCMS-Honeydew",0.1234425380826,0.136814781453769
"gamma-butyrobetaine","LCMS-Honeydew",0.122900575399399,0.136214109212174
"nicotinate","LCMS-Honeydew",-0.122645005583763,-0.135930854112145
"4-(3-pyridyl)-3-butenoate","LCMS-Honeydew",-0.122395724058151,-0.13565456849799
"L-glutamine","LCMS-Honeydew",0.121839001774788,0.135037537783036
"D-glyceraldehyde 3-phosphate","LCMS-Honeydew",-0.119732260704041,-0.132702578346435
"N-acetyl-D-muramate","LCMS-Honeydew",0.118138760328293,0.130936457776972
"AMP","LCMS-Honeydew",-0.11797434091568,-0.130754227191367
"2'-deoxyadenosine","LCMS-Honeydew",-0.117710687220097,-0.130462012503456
"S-allyl-L-cysteine","LCMS-Honeydew",-0.116812616586685,-0.129466655964707
"5-aminolevulinate","LCMS-Honeydew",-0.116776429116726,-0.129426548390197
"D-glucono-15-lactone","LCMS-Honeydew",0.116356134414673,0.128960724139491
"beta-D-mannose","LCMS-Honeydew",0.11554329097271,0.128059827255843
"(S)-piperidine-2-carboxamide","LCMS-Honeydew",0.115470334887505,0.127978968007417
"erythronate-4-phosphate","LCMS-Honeydew",-0.115443900227547,-0.127949669742159
"(RS)-piperazine-2-carboxamide","LCMS-Honeydew",-0.11537653952837,-0.127875012014931
"trans-4-hydroxy-L-proline","LCMS-Honeydew",-0.114505968987942,-0.126910134590351
"N-acetyl-beta-D-mannosamine","LCMS-Honeydew",-0.112768992781639,-0.124984995786929
"indole-3-glycolate","LCMS-Honeydew",-0.112631566822529,-0.124832682792934
"6-pyruvoyl tetrahydropterin","LCMS-Honeydew",0.112425900995731,0.124604737664918
"S-methyl-5'-thioadenosine","LCMS-Honeydew",-0.111558094620705,-0.123642923841356
"3-dehydroquinate","LCMS-Honeydew",0.111054733395576,0.123085034664109
"N-succinyl-LL-26-diaminopim...","LCMS-Honeydew",-0.110874891281128,-0.122885710671208
"4-hydroxy-2-oxopentanoate","LCMS-Honeydew",0.110735386610031,0.122731093783186
"tuberonic acid glucoside","LCMS-Honeydew",-0.110395520925522,-0.122354411238643
"6-hydroxymethyl-78-dihydrop...","LCMS-Honeydew",-0.11010780185461,-0.122035524229203
"phloroglucinol","LCMS-Honeydew",0.109582886099815,0.121453745570165
"an 11-hydroxyjasmonate","LCMS-Honeydew",-0.108917877078056,-0.120716697666015
"IMP","LCMS-Honeydew",0.108683854341507,0.120457323790092
"stearate","LCMS-Honeydew",-0.108316533267498,-0.120050211677489
"UDP","LCMS-Honeydew",0.10827174782753,0.120000574734854
"a thiopurine","LCMS-Honeydew",0.105427123606205,0.116847798980209
"2-oxopent-4-enoate","LCMS-Honeydew",0.105212934315205,0.116610407060915
"a methylhexadecanoic acid","LCMS-Honeydew",-0.10491581261158,-0.116281098853404
"uracil","LCMS-Honeydew",0.104811325669289,0.116165293083396
"N2-succinyl-L-ornithine","LCMS-Honeydew",0.104195900261402,0.115483200070818
"(+)-5-oxo-12-campholide","LCMS-Honeydew",0.102445438504219,0.113543114858118
"N6-acetyl-L-lysine","LCMS-Honeydew",0.102346040308475,0.11343294908675
"D-galactosamine","LCMS-Honeydew",0.102257028222084,0.113334294527831
"cyclohexane-1-carboxylate","LCMS-Honeydew",0.101735450327396,0.112756215311531
"(R)-noradrenaline","LCMS-Honeydew",0.100657939910889,0.111561980694854
"pyridoxamine","LCMS-Honeydew",0.100550003349781,0.111442351616838
"a methyl farnesoate","LCMS-Honeydew",0.100538037717342,0.111429089775236
"D-lysine","LCMS-Honeydew",0.100423581898212,0.111302235223121
"ADP","LCMS-Honeydew",0.100119732320309,0.11096547032634
"4-hydroxy-L-glutamate","LCMS-Honeydew",0.100066021084785,0.110905940677454
"histamine","LCMS-Honeydew",-0.100042574107647,-0.110879953743753
"sn-glycero-3-phosphocholine","LCMS-Honeydew",-0.0999360829591751,-0.110761926656566
"2-oxopenta-34-dienoate","LCMS-Honeydew",0.099886953830719,0.11070747548376
"L-homoserine","LCMS-Honeydew",-0.0994424894452095,-0.110214863303939
"aldehydo-L-fucose","LCMS-Honeydew",0.0993877723813057,0.11015421886762
"3-phenyllactate","LCMS-Honeydew",0.0993287414312363,0.11008879323187
"coumarinate","LCMS-Honeydew",0.0987635180354118,0.109462340498691
"3-hydroxy-L-kynurenine","LCMS-Honeydew",-0.0984131246805191,-0.10907398984569
"O-acetylcarnitine","LCMS-Honeydew",0.0983794033527374,0.109036615564811
"succinate semialdehyde","LCMS-Honeydew",0.0983467921614647,0.109000471678949
"guanosine","LCMS-Honeydew",-0.0982107594609261,-0.10884970287199
"beta-D-fructose 26-bisphosp...","LCMS-Honeydew",0.098149873316288,0.108782221072753
"(S)-2-hydroxyglutarate","LCMS-Honeydew",0.0977020561695099,0.108285892934824
"uridine","LCMS-Honeydew",0.0973854586482048,0.107934999139549
"2'-deoxymugineate","LCMS-Honeydew",0.0971602350473404,0.107685377589238
"18-oxo-oleate","LCMS-Honeydew",-0.0970101878046989,-0.107519076077388
"creatine","LCMS-Honeydew",0.0965041145682335,0.106958181102916
"linoleate","LCMS-Honeydew",-0.0960292816162109,-0.106431910600324
"indole-3-ethanol","LCMS-Honeydew",0.0959380343556404,0.106330778736
"laurate","LCMS-Honeydew",-0.0957093387842178,-0.106077309104626
"(S)-1-pyrroline-5-carboxylate","LCMS-Honeydew",-0.0952723398804665,-0.105592971124859
"L-ornithine","LCMS-Honeydew",0.0950548052787781,0.105351871505141
"glutathione disulfide","LCMS-Honeydew",0.0942797437310219,0.104492849340525
"L-cysteine","LCMS-Honeydew",0.0941838324069977,0.104386548165588
"indole-3-glyoxal","LCMS-Honeydew",0.0940986648201942,0.104292154571966
"(2R)-2-hydroxy-2-methylbuta...","LCMS-Honeydew",-0.0937336310744286,-0.103887577568561
"2-keto-6-acetamidocaproate","LCMS-Honeydew",0.0935237854719162,0.103654999879438
"4-phospho-hydroxy-L-threonine","LCMS-Honeydew",-0.0933644771575928,-0.103478434065526
"biotin","LCMS-Honeydew",-0.093150794506073,-0.10324160366879
"1235-tetrahydroxybenzene","LCMS-Honeydew",0.0930216833949089,0.103098506250902
"2-phosphoglycolate","LCMS-Honeydew",-0.0927232354879379,-0.102767728175517
"24-dinitrotoluene","LCMS-Honeydew",-0.0924730449914932,-0.102490435123831
"mycosamine","LCMS-Honeydew",0.0914631709456444,0.101371163768715
"phenylacetate","LCMS-Honeydew",0.0911152139306068,0.100985513378605
"4-coumaraldehyde","LCMS-Honeydew",0.0901064798235893,0.0998675054492461
"4-imidazolone-5-propanoate","LCMS-Honeydew",0.0892534554004669,0.0989220748720967
"leukotriene B4","LCMS-Honeydew",0.0889417082071304,0.0985765568295511
"N-acetylputrescine","LCMS-Honeydew",-0.0883713662624359,-0.0979444310669953
"L-kynurenine","LCMS-Honeydew",0.0879474133253098,0.0974745522931095
"a 2-acyl-sn-glycero-3-phosp...","LCMS-Honeydew",0.0878472104668617,0.0973634946917951
"a hexuronate","LCMS-Honeydew",0.0875768288969994,0.0970638233146148
"cis-zeatin","LCMS-Honeydew",-0.0869480594992638,-0.0963669407887674
"3'-ketolactose","LCMS-Honeydew",0.0867316797375679,0.0961271211101763
"ciceritol","LCMS-Honeydew",-0.0857724025845528,-0.0950639276917492
"N-methylhydantoin","LCMS-Honeydew",-0.0853622034192085,-0.09460929260379
"all-trans-3-hydroxyretinal","LCMS-Honeydew",0.0853338018059731,0.0945778143097748
"9H-purine-268-triol","LCMS-Honeydew",-0.0852096378803253,-0.0944401999945169
"(2S4S)-4-hydroxy-2345-tetra...","LCMS-Honeydew",-0.0851618051528931,-0.094387185658846
"2-isopropylmaleate","LCMS-Honeydew",-0.0849855020642281,-0.0941917840661698
"L-carnitine","LCMS-Honeydew",0.0848148241639137,0.09400261702543
"a methyl jasmonate","LCMS-Honeydew",0.0845525935292244,0.093711979555294
"dGMP","LCMS-Honeydew",0.0841338187456131,0.0932478398722635
"(3S5S)-carbapenam-3-carboxy...","LCMS-Honeydew",0.0837738662958145,0.0928488946098128
"indole-3-glyoxylate","LCMS-Honeydew",-0.0834371373057365,-0.092475688550522
"hypoxanthine","LCMS-Honeydew",0.0830771923065186,0.092076751545756
"E-pyridine-3-aldoxime","LCMS-Honeydew",-0.0829190239310265,-0.0919014491576006
"spermidine","LCMS-Honeydew",0.0829130932688713,0.0918948760405921
"queuine","LCMS-Honeydew",-0.0824746564030647,-0.0914089443276808
"DIMBOA","LCMS-Honeydew",-0.082392506301403,-0.0913178950963556
"maleamate","LCMS-Honeydew",-0.0822812467813492,-0.0911945830909703
"67-dimethyl-8-(1-D-ribityl)...","LCMS-Honeydew",0.0815482139587402,0.0903821425256558
"N-Acetyl-L-methionine","LCMS-Honeydew",-0.0809919536113739,-0.0897656237871526
"juvenile hormone III acid","LCMS-Honeydew",-0.0809081122279167,-0.0896727000614041
"3-pyridylacetate","LCMS-Honeydew",0.0808577835559845,0.0896169194013641
"N-acetyl-L-ornithine","LCMS-Honeydew",-0.0803301408886909,-0.0890321184297319
"N-formimino-L-glutamate","LCMS-Honeydew",0.0800670385360718,0.0887405148104878
"2-amino-6-acetyl-3789-tetra...","LCMS-Honeydew",-0.0798377171158791,-0.0884863515336007
"a carvone","LCMS-Honeydew",0.0794967412948608,0.08810843859404
"cis-coumarinic acid-beta-D-...","LCMS-Honeydew",-0.0793135315179825,-0.0879053821276618
"oleate","LCMS-Honeydew",-0.0790626555681229,-0.0876273293689841
"pteridine-ring","LCMS-Honeydew",-0.07836052775383,-0.0868491416797386
"S-ureidoglycine","LCMS-Honeydew",-0.0782207772135735,-0.0866942522881218
"kanosamine","LCMS-Honeydew",0.0773255750536919,0.0857020749579766
"N-Butylbenzenesulfonamide","LCMS-Honeydew",-0.07700065523386,-0.0853419573289099
"1-(beta-D ribofuranosyl)nic...","LCMS-Honeydew",0.0767481029033661,0.0850620465911782
"imidazole acetaldehyde","LCMS-Honeydew",0.0765647068619728,0.0848587836826829
"2-methyleneglutarate","LCMS-Honeydew",0.0760559141635895,0.0842948746533011
"benzyladenine","LCMS-Honeydew",-0.076041154563427,-0.0842785161799422
"1-amino-1-deoxy-scyllo-inos...","LCMS-Honeydew",0.0752117186784744,0.0833592294325022
"purine","LCMS-Honeydew",-0.0751197263598442,-0.0832572717997095
"Nomega-hydroxy-L-arginine","LCMS-Honeydew",0.0750577822327614,0.0831886174092472
"galactarate","LCMS-Honeydew",-0.0750135332345963,-0.0831395750199093
"Leucylproline","LCMS-Honeydew",0.0746526643633842,0.0827396140622425
"(R)-4'-phosphopantothenate","LCMS-Honeydew",0.0743778049945831,0.0824349798165671
"Methylimidazoleacetic acid","LCMS-Honeydew",0.0732030346989632,0.0811329493840263
"3-dehydroteasterone","LCMS-Honeydew",0.0729075521230698,0.0808054578671457
"deoxynivalenol","LCMS-Honeydew",0.0728558152914047,0.0807481165047004
"N-hydroxy-L-isoleucine","LCMS-Honeydew",0.0726617872714996,0.0805330698801612
"5-aminopentanoate","LCMS-Honeydew",0.0723865479230881,0.0802280144925669
"5-deoxy-5-amino-3-dehydroqu...","LCMS-Honeydew",0.0721409618854523,0.0799558246900148
"O-acetyl-L-homoserine","LCMS-Honeydew",0.071608692407608,0.0793658956961938
"dihydrolipoamide","LCMS-Honeydew",-0.0715946778655052,-0.0793503629913033
"xylitol","LCMS-Honeydew",0.0711799487471581,0.0788907072310563
"L-Threonic acid","LCMS-Honeydew",0.0708948150277138,0.0785746856382018
"N-acetyl-L-glutamate","LCMS-Honeydew",0.0707031711935997,0.0783622814727614
"(3E)-2-oxohex-3-enedioate","LCMS-Honeydew",0.0702782943844795,0.0778913787459748
"lipoamide","LCMS-Honeydew",0.0699014440178871,0.0774737050546609
"dihydrozeatin","LCMS-Honeydew",-0.0698807537555695,-0.0774507734642936
"isochorismate","LCMS-Honeydew",-0.0696501135826111,-0.0771951485772174
"(S)-2-amino-6-oxohexanoate","LCMS-Honeydew",-0.0694965124130249,-0.0770249081497733
"octanoate","LCMS-Honeydew",-0.0694506019353867,-0.0769740242967508
"L-arabinonate","LCMS-Honeydew",0.0692049339413643,0.0767017436596671
"coniferyl alcohol","LCMS-Honeydew",0.0686641335487366,0.0761023596168831
"trans-homoaconitate","LCMS-Honeydew",0.0684021711349487,0.0758120194233956
"kinetin","LCMS-Honeydew",-0.068361259996891,-0.0757666764767961
"cotinine methonium ion","LCMS-Honeydew",0.0683123618364334,0.0757124812922153
"L-histidine","LCMS-Honeydew",0.0677379965782166,0.0750758963799301
"dihydrophloroglucinol","LCMS-Honeydew",0.0675350874662399,0.0748510065952476
"L-rhamnulose 1-phosphate","LCMS-Honeydew",-0.0669868066906929,-0.0742433318370409
"oleamide","LCMS-Honeydew",0.0666988119482994,0.0739241392932677
"5-dihydrotestosterone","LCMS-Honeydew",0.066658616065979,0.0738795890843978
"a menthone","LCMS-Honeydew",0.0665208250284195,0.073726871463853
"maltohexaose","LCMS-Honeydew",0.0660080313682556,0.0731585280577959
"an N-acetyl-alpha-D-hexosam...","LCMS-Honeydew",-0.0654411986470222,-0.0725302916647261
"45-seco-dopa","LCMS-Honeydew",-0.0653147622942924,-0.0723901587556396
"L-canaline","LCMS-Honeydew",-0.0650889128446579,-0.0721398435598152
"indole-3-ketol","LCMS-Honeydew",-0.0650589913129807,-0.0721066806981245
"N6N6N6-Trimethyl-L-lysine","LCMS-Honeydew",0.0649198740720749,0.0719524932097059
"2-(4-hydroxyphenyl)-2-oxoac...","LCMS-Honeydew",0.0645789131522179,0.0715745967855146
"2-oxoglutaramate","LCMS-Honeydew",0.0642766207456589,0.0712395577448329
"herniarin","LCMS-Honeydew",0.0641576051712036,0.0711076494896916
"O-succinyl-L-homoserine","LCMS-Honeydew",0.0638699233531952,0.0707888037686752
"a 6-hydroxy-5-isopropenyl-2...","LCMS-Honeydew",-0.0635375156998634,-0.070420387166501
"1-(3-aminopropyl)-4-aminobu...","LCMS-Honeydew",-0.0634440630674362,-0.0703168110275103
"allantoate","LCMS-Honeydew",-0.0626468360424042,-0.069433222250959
"3-phospho-D-glycerate","LCMS-Honeydew",-0.0623174346983433,-0.0690681376245548
"L-erythro-78-dihydrobiopterin","LCMS-Honeydew",0.0622917599976063,0.0690396816431339
"alpha-(2-methoxyphenoxy)-be...","LCMS-Honeydew",0.0622575208544731,0.0690017334531689
"a 7-deazapurine","LCMS-Honeydew",-0.0618673898279667,-0.0685693404389058
"3-oxoadipate","LCMS-Honeydew",0.0598791800439358,0.0663657525079414
"sulfate","LCMS-Honeydew",0.0593204312026501,0.0657464757027537
"2-carboxy-5-oxo-25-dihydrof...","LCMS-Honeydew",0.0591168254613876,0.0655208138245533
"deoxynivalenol-3-glucoside","LCMS-Honeydew",0.0590780191123486,0.0654778036738769
"citraconate","LCMS-Honeydew",-0.0590624399483204,-0.0654605368552028
"2-hydroxyferulate","LCMS-Honeydew",-0.0587037801742554,-0.0650630243010448
"6-hydroxynicotinate","LCMS-Honeydew",0.0579159297049046,0.0641898278206682
"aminocarboxymuconate semial...","LCMS-Honeydew",0.0577408708631992,0.0639958052613342
"(E)-indol-3-ylacetaldoxime","LCMS-Honeydew",0.057011965662241,0.0631879394533347
"alpha-linolenate","LCMS-Honeydew",-0.0569435209035873,-0.0631120802329856
"a phytosphingenine","LCMS-Honeydew",-0.0568584017455578,-0.0630177403143139
"isopentenyl phosphate","LCMS-Honeydew",0.0568159483373165,0.0629706880269848
"phenylglyoxylate","LCMS-Honeydew",-0.0558658055961132,-0.0619176185299802
"N6N6-dimethyl-L-arginine","LCMS-Honeydew",0.0554975010454655,0.0615094164029988
"indole acetaldehyde","LCMS-Honeydew",-0.0552582368254662,-0.061244233245901
"L-valine","LCMS-Honeydew",-0.0550997368991375,-0.0610685633907771
"2-iminosuccinate","LCMS-Honeydew",-0.0547756962478161,-0.060709420168503
"L-erythro-5678-tetrahydrobi...","LCMS-Honeydew",-0.0545461401343346,-0.0604549967745484
"(2R)-23-dihydroxy-3-methylb...","LCMS-Honeydew",0.0544908866286278,0.0603937577849322
"Valylproline","LCMS-Honeydew",-0.0542748272418976,-0.0601542931867826
"2-oxoglutarate","LCMS-Honeydew",0.0534380488097668,0.0592268684910865
"(S)-(+)-allantoin","LCMS-Honeydew",-0.0533390454947948,-0.0591171403770062
"Nonanoic acid","LCMS-Honeydew",-0.052107710391283,-0.0577524176023449
"cotinine-glucuronide","LCMS-Honeydew",0.0519540756940842,0.0575821400153197
"2-hydroxypentanoate","LCMS-Honeydew",-0.0517016127705574,-0.0573023283698042
"3-carene","LCMS-Honeydew",0.0507444553077221,0.0562414842626697
"D-galactosylononitol","LCMS-Honeydew",0.050614271312952,0.0560971977381871
"dopaquinone","LCMS-Honeydew",-0.0505498424172401,-0.0560257894098827
"3-sulfinoalanine","LCMS-Honeydew",0.0502601340413094,0.0557046975986323
"(R)-adrenaline","LCMS-Honeydew",0.0497152619063854,0.0551008007311684
"(3E5Z)-tetradecadienoate","LCMS-Honeydew",0.0489023961126804,0.0541998790744655
"18-hydroxyoleate","LCMS-Honeydew",-0.0486968643963337,-0.0539720825847742
"arachidate","LCMS-Honeydew",-0.0481387414038181,-0.0533534994251
"cytidine","LCMS-Honeydew",0.0480645000934601,0.0532712157260668
"24-divinyl protochlorophyll...","LCMS-Honeydew",-0.0477404855191708,-0.0529121014056891
"L-xylo-hex-3-ulono-14-lactone","LCMS-Honeydew",-0.0472083278000355,-0.0523222962771385
"3-hydroxyanthranilate","LCMS-Honeydew",-0.0472079589962959,-0.0523218875217466
"(S)-3-methyl-2-oxopentanoate","LCMS-Honeydew",0.0471297577023506,0.0522352148633039
"adenine","LCMS-Honeydew",0.0461826361715794,0.0511854938574387
"4alpha-hydroxy-tetrahydrobi...","LCMS-Honeydew",-0.0454307310283184,-0.0503521365768198
"D-pinitol","LCMS-Honeydew",0.0453925840556622,0.050309857231238
"alpha-D-mannose 1-phosphate","LCMS-Honeydew",-0.045105442404747,-0.0499916101923611
"4-amino-2-methyl-5-pyrimidi...","LCMS-Honeydew",-0.0446596890687943,-0.0494975694330901
"3-amino-1-hydroxyacetone 1-...","LCMS-Honeydew",-0.0446230061352253,-0.0494569127225487
"L-asparagine","LCMS-Honeydew",-0.0439531281590462,-0.0487144684214577
"4-tyrosol","LCMS-Honeydew",0.0437063239514828,0.0484409284874597
"5-formamido-1-(5-phospho-D-...","LCMS-Honeydew",0.0434764362871647,0.0481861376265366
"gibberellin A12-aldehyde","LCMS-Honeydew",-0.0433265715837479,-0.0480200384279614
"a 7-isopropyl-4-methyloxepa...","LCMS-Honeydew",-0.0432877242565155,-0.0479769828600194
"9-Oxo-ODE","LCMS-Honeydew",-0.0419076755642891,-0.0464474366990665
"D-glycero-D-manno-heptose 7...","LCMS-Honeydew",0.0416952669620514,0.046212018366412
"4-guanidinobutanoate","LCMS-Honeydew",0.0416564680635929,0.0461690164734203
"malonate","LCMS-Honeydew",-0.0415758788585663,-0.0460796972270365
"(S)-nicotine","LCMS-Honeydew",0.0415663346648216,0.0460691191329563
"(S)-dihydroorotate","LCMS-Honeydew",0.0414932109415531,0.0459880740866258
"pyridoxal","LCMS-Honeydew",-0.0414267368614674,-0.0459143990238756
"a jasmonoyl-L-isoleucine","LCMS-Honeydew",0.0409871488809586,0.0454271914986806
"4-amino-5-imidazole carboxy...","LCMS-Honeydew",-0.0409011356532574,-0.0453318606578468
"adenosine","LCMS-Honeydew",-0.0402064174413681,-0.0445618852360195
"caffeoyl-4'-hydroxyphenylla...","LCMS-Honeydew",-0.0391291119158268,-0.0433678777056717
"(2R3S)-23-dimethylmalate","LCMS-Honeydew",0.0390533730387688,0.043283934212017
"56-dimethylbenzimidazole","LCMS-Honeydew",-0.0387258902192116,-0.042920975939419
"(R)-lipoate","LCMS-Honeydew",0.0386408381164074,0.0428267103399094
"D-mannitol 1-phosphate","LCMS-Honeydew",0.0384757369756699,0.0426437241761556
"a 3-isopropenyl-6-oxoheptan...","LCMS-Honeydew",0.0374141670763493,0.0414671568758602
"NN-dihydroxy-L-isoleucine","LCMS-Honeydew",-0.0370390303432941,-0.0410513824520237
"N-carbamoyl-L-aspartate","LCMS-Honeydew",0.036977794021368,0.0409835125416063
"3-phospho-L-serine","LCMS-Honeydew",-0.0367573872208595,-0.0407392295844436
"4-aminobutanoate","LCMS-Honeydew",-0.0367098823189735,-0.0406865785868988
"gamma-L-glutamyl 5-phosphate","LCMS-Honeydew",-0.036624614149332,-0.0405920735145334
"L-proline","LCMS-Honeydew",0.0365160927176476,0.0404717962082694
"orotate","LCMS-Honeydew",-0.0357796885073185,-0.0396556190406354
"creatinine","LCMS-Honeydew",-0.0348735302686691,-0.0386512987851625
"(S)-2345-tetrahydrodipicoli...","LCMS-Honeydew",-0.0343725122511387,-0.0380960066497483
"aminoacetone","LCMS-Honeydew",-0.0340596809983253,-0.0377492871140812
"erythro-guaiacylglycerol-be...","LCMS-Honeydew",0.0339930504560471,0.0376754386399527
"cyclic- 34-O-oxalyl-L-threo...","LCMS-Honeydew",0.0338123142719269,0.0374751237248896
"alpha-Methylhistamine","LCMS-Honeydew",-0.0334923826158047,-0.0371205346157187
"2-keto-6-aminocaproate","LCMS-Honeydew",-0.0320849679410458,-0.0355606579789218
"1-deoxy-L-glycero-tetrulose...","LCMS-Honeydew",-0.0319933891296387,-0.0354591586476291
"2-hydroxycaffeate","LCMS-Honeydew",0.0318841822445393,0.0353381216343742
"(S)-malate","LCMS-Honeydew",-0.0316093377768993,-0.0350335039040682
"8-oxo-dGTP","LCMS-Honeydew",-0.0315489694476128,-0.0349665960139165
"glutarate","LCMS-Honeydew",-0.0311044603586197,-0.0344739342879877
"sepiapterin","LCMS-Honeydew",0.0309653803706169,0.0343197880879926
"L-saccharopine","LCMS-Honeydew",-0.0309424735605717,-0.0342943998364318
"(+)-cis-abscisic aldehyde","LCMS-Honeydew",-0.03008196875453,-0.0333406785438597
"xanthine","LCMS-Honeydew",-0.029956603422761,-0.0332017326769465
"DOM-1","LCMS-Honeydew",0.0275731086730957,0.0305600394783389
"L-malic semialdehyde","LCMS-Honeydew",-0.0275369845330715,-0.0305200020941488
"25-dihydroxypyridine","LCMS-Honeydew",-0.0274124648422003,-0.0303819934744473
"3-methoxytyramine","LCMS-Honeydew",0.0268535241484642,0.029762504033879
"(2S3S)-23-dihydroxy-23-dihy...","LCMS-Honeydew",0.0266460925340652,0.0295326018345933
"UMP","LCMS-Honeydew",-0.0265117585659027,-0.0293837157797418
"decanoate","LCMS-Honeydew",-0.0261542461812496,-0.0289874749090251
"itaconate","LCMS-Honeydew",0.0257661547511816,0.0285573424359443
"4-hydroxyphenylpyruvate","LCMS-Honeydew",0.0255728587508202,0.0283431071289252
"arachidonate","LCMS-Honeydew",0.025210615247488,0.0279416226284342
"4-prenylphlorisovalerophenone","LCMS-Honeydew",-0.0251800026744604,-0.0279076938664891
"dopamine","LCMS-Honeydew",0.0251346677541733,0.0278574479196085
"indole-3-lactate","LCMS-Honeydew",-0.0250656343996525,-0.0277809363421694
"ent-kaur-16-en-19-oate","LCMS-Honeydew",-0.0247235801070929,-0.0274018281027507
"(S)-23-dihydrodipicolinate","LCMS-Honeydew",0.0244622677564621,0.0271122083922519
"a 6-hydroxy-37-dimethylocta...","LCMS-Honeydew",0.0243967454880476,0.0270395882487201
"D-sedoheptulose","LCMS-Honeydew",0.0240136422216892,0.0266149842955353
"L-2-aminoadipate","LCMS-Honeydew",0.0239552427083254,0.0265502584985613
"23-dioxo-L-gulonate","LCMS-Honeydew",0.0238176621496677,0.0263977741576088
"nt-pentose-ring","LCMS-Honeydew",0.0234403964132071,0.0259796401003738
"3-hydroxybutanoate","LCMS-Honeydew",-0.0229979734867811,-0.0254892905261565
"N2-succinyl-L-glutamate 5-s...","LCMS-Honeydew",-0.0228947401046753,-0.025374874111597
"12-dihydroxy-5-(methylthio)...","LCMS-Honeydew",0.022530447691679,0.0249711187478179
"4-oxo-4-(3-pyridyl)-N-methy...","LCMS-Honeydew",0.022069500759244,0.0244602385050552
"L-4-hydroxyglutamate semial...","LCMS-Honeydew",-0.0220129117369652,-0.0243975193254595
"dopaxanthin","LCMS-Honeydew",-0.0218327417969704,-0.0241978319944323
"D-glycerate","LCMS-Honeydew",0.0217617228627205,0.024119119744025
"2-hydroxy-3-carboxy-45-cycl...","LCMS-Honeydew",0.0215607080608606,0.0238963294756734
"6-phospho-2-dehydro-D-gluco...","LCMS-Honeydew",-0.0205627270042896,-0.0227902394497343
"(S)-2-hydroxymethylglutarate","LCMS-Honeydew",-0.0193741861730814,-0.0214729467514764
"N-formimino-glycine","LCMS-Honeydew",-0.0193671118468046,-0.021465106079869
"2'-deoxyuridine","LCMS-Honeydew",0.0190311446785927,0.0210927443688371
"UDP-N-acetyl-alpha-D-galact...","LCMS-Honeydew",-0.0189791303128004,-0.0210350954076373
"N6-dimethylallyladenine","LCMS-Honeydew",-0.0188475754112005,-0.0208892894691729
"lotaustralin","LCMS-Honeydew",0.018302895128727,0.0202856052370897
"linamarin","LCMS-Honeydew",-0.0181077867746353,-0.0200693612482713
"androstan-3alpha17beta-diol","LCMS-Honeydew",-0.0177285671234131,-0.0196490616132279
"3-deoxy-D-arabino-heptuloso...","LCMS-Honeydew",0.017668204382062,0.0195821599163397
"5-oxo-L-proline","LCMS-Honeydew",-0.0176154673099518,-0.0195237099597256
"L-isoleucine","LCMS-Honeydew",0.0175785031169653,0.0194827415215874
"NN-dihydroxy-L-valine","LCMS-Honeydew",0.0175253394991159,0.0194238188125251
"DON-Hexitol","LCMS-Honeydew",0.0173053555190563,0.0191800044789682
"hypoglycin A","LCMS-Honeydew",0.0171382967382669,0.0189948486085636
"2-methylbutanoate","LCMS-Honeydew",0.0167359486222267,0.0185489150558401
"hexane-6-ol-1346-tetracarbo...","LCMS-Honeydew",0.0165318381041288,0.0183226937195023
"3-hydroxy-5-oxohexanoate","LCMS-Honeydew",0.0160260796546936,0.017762147632208
"D-trehalose 6-phosphate","LCMS-Honeydew",0.0158726647496223,0.0175921136468809
"(2S5S)-5-carboxymethyl proline","LCMS-Honeydew",0.0155952079221606,0.0172846005658826
"L-arginine","LCMS-Honeydew",0.0154238250106573,0.0170946521417296
"4-hydroxybenzaldehyde","LCMS-Honeydew",-0.0153868077322841,-0.017053624867588
"N-acetyl-serotonin","LCMS-Honeydew",-0.0153337139636278,-0.0169947795743197
"phenylacetaldehyde","LCMS-Honeydew",0.014422039501369,0.0159843455355488
"L-2-amino-3-oxobutanoate","LCMS-Honeydew",0.0137316500768065,0.0152191678285229
"phlorisovalerophenone","LCMS-Honeydew",0.0134056909009814,0.0148578982524427
"pantetheine","LCMS-Honeydew",-0.0128910923376679,-0.0142875544222709
"gamma-L-glutamyl-L-cysteine","LCMS-Honeydew",0.0127660939469934,0.0141490152463284
"D-gluconate 6-phosphate","LCMS-Honeydew",-0.0126444287598133,-0.0140141703520713
"(R)-S-lactoylglutathione","LCMS-Honeydew",0.0125328386202455,0.0138904919119282
"4-pyridoxate","LCMS-Honeydew",0.0124662732705474,0.0138167156925406
"2-dehydro-3-deoxy-L-arabino...","LCMS-Honeydew",-0.0116168316453695,-0.0128752560295136
"(+)-trans-isoalliin","LCMS-Honeydew",0.0115979053080082,0.0128542794459952
"3-dehydrosphinganine","LCMS-Honeydew",-0.0106299817562103,-0.0117815029844924
"2-aminomuconate 6-semialdehyde","LCMS-Honeydew",0.0103734843432903,0.0114972198027206
"D-ribulose-15-bisphosphate","LCMS-Honeydew",0.00977347977459431,0.0108322181330168
"a neopterin","LCMS-Honeydew",-0.00849406979978085,-0.00941421264793229
"368-trimethylallantoin","LCMS-Honeydew",-0.00796854589134455,-0.00883175995538208
"L-serine","LCMS-Honeydew",-0.00756163243204355,-0.00838076650636849
"L-dopachrome","LCMS-Honeydew",-0.00737143587321043,-0.00816996639617795
"mesifurane","LCMS-Honeydew",0.00710996240377426,0.00788016811324787
"(2S)-2-isopropyl-3-oxosucci...","LCMS-Honeydew",-0.00609028991311789,-0.00675003687056211
"DL-Stachydrine","LCMS-Honeydew",0.0060402643866837,0.00669459219506765
"streptidine 6-phosphate","LCMS-Honeydew",-0.00594207923859358,-0.00658577087798676
"heptanoate","LCMS-Honeydew",-0.00584479002282023,-0.00647794254748912
"GDP","LCMS-Honeydew",0.0057419859804213,0.00636400198200948
"(R)-pantolactone","LCMS-Honeydew",0.0053848042152822,0.00596812754605063
"a 5678-tetrahydropteridine","LCMS-Honeydew",-0.00530846789479256,-0.00588352188930541
"5-aminopentanamide","LCMS-Honeydew",-0.00528171472251415,-0.00585387060802654
"1-deoxy-D-xylulose 5-phosphate","LCMS-Honeydew",0.00515557825565338,0.00571407007074854
"taxifolin","LCMS-Honeydew",0.00475223129615188,0.0052670294721721
"17beta-estradiol","LCMS-Honeydew",0.00399465952068567,0.00442739170624575
"thymidine","LCMS-Honeydew",0.00366294104605913,0.00405973893990487
"CTP","LCMS-Honeydew",0.00290975486859679,0.0032249618536256
"taurocholate","LCMS-Honeydew",-0.00267982785589993,-0.00297012738180528
"glycine betaine","LCMS-Honeydew",0.00178495701402426,0.00197831726057586
"L-tyrosine-methyl-ester","LCMS-Honeydew",0.00129742338322103,0.00143797024417643
"N-formylmaleamate","LCMS-Honeydew",0.00117218215018511,0.00129916191932374
"N-acetyl-L-citrulline","LCMS-Honeydew",0.00111049984116107,0.00123079770906228
"4-acetamidobutanal","LCMS-Honeydew",-0.000836238614283502,-0.000926826400635445
"(2R4S)-2 4-diaminopentanoate","LCMS-Honeydew",0.000653220457024872,0.000723982311585234
"sinapyl alcohol","LCMS-Honeydew",0.000316306512104347,0.000350571261723435
"D-Galactose / D-Fructose / ...","OrbiSIMS-MetaProt",0.831002175807953,1
"D-Fructose 6-phosphate / D-...","OrbiSIMS-MetaProt",0.806911528110504,0.971010126809805
"Sucrose","OrbiSIMS-MetaProt",0.804595470428467,0.968223061084272
"Leucine / Isoleucine","OrbiSIMS-MetaProt",-0.639965415000916,-0.770112803108729
"5-Oxoproline","OrbiSIMS-MetaProt",0.530593991279602,0.638498919408635
"deoxynivalenol","OrbiSIMS-MetaProt",0.502698540687561,0.604930474699186
"Valine / Betaine","OrbiSIMS-MetaProt",-0.498095005750656,-0.599390735970549
"Aspartic acid","OrbiSIMS-MetaProt",-0.453318744897842,-0.545508493352737
"1-Aminocyclopropane-1-carbo...","OrbiSIMS-MetaProt",0.400603502988815,0.482072748605409
"Arginine","OrbiSIMS-MetaProt",0.326555669307709,0.392966082176874
"4-Aminobenzoate","OrbiSIMS-MetaProt",0.295581191778183,0.355692440264432
"L-carnitine","OrbiSIMS-MetaProt",-0.219333171844482,-0.263938143881793
"Proline","OrbiSIMS-MetaProt",0.213735148310661,0.257201671106161
"Sucrose","OrbiSIMS-MetaDeProt",0.686227679252625,0.882144057092309
"N-Acetylglutamine","OrbiSIMS-MetaDeProt",-0.597566425800323,-0.768170225677517
"L-2-Aminoadipate","OrbiSIMS-MetaDeProt",-0.483023375272751,-0.620925405395465
"L-ornithine","OrbiSIMS-MetaDeProt",-0.470577895641327,-0.604926770792907
"Lysine","OrbiSIMS-MetaDeProt",-0.46155521273613,-0.593328133278728
"D-Galactose / D-Fructose / ...","OrbiSIMS-MetaDeProt",0.433101058006287,0.556750384736358
"Valine / Betaine","OrbiSIMS-MetaDeProt",-0.405661821365356,-0.521477310994553
"D-Gluconic acid","OrbiSIMS-MetaDeProt",0.364642262458801,0.468746765130569
"Tyrosine","OrbiSIMS-MetaDeProt",-0.32329472899437,-0.415594608748888
"D-Fructose 6-phosphate / D-...","OrbiSIMS-MetaDeProt",0.314427495002747,0.404195800445095
"Myristic acid","OrbiSIMS-MetaDeProt",-0.295727580785751,-0.380157104989639
"Palmitic Acid","OrbiSIMS-MetaDeProt",0.287948459386826,0.370157062847742
"Phenylalanine","OrbiSIMS-MetaDeProt",-0.22921846807003,-0.29465979804837
"Leucine / Isoleucine","OrbiSIMS-MetaDeProt",-0.21277828514576,-0.273525981819986
"Methionine","OrbiSIMS-MetaDeProt",-0.207027584314346,-0.26613346951551
"Linoleic acid","OrbiSIMS-MetaDeProt",0.182650342583656,0.2347965829818
"15-acetyl-DON-3-beta-D-gluc...","OrbiSIMS-MetaDeProt",-0.123365983366966,-0.158586679559533
"Octadecanoic acid","OrbiSIMS-MetaDeProt",0.0904073715209961,0.11621846205831
"L-tryptophan","OrbiSIMS-MetaDeProt",0.0619402900338173,0.0796240961999886
"Oleic acid","OrbiSIMS-MetaDeProt",0.0311294384300709,0.0400168194055004
